COMBINATION_ID,MAX_CONC_B,MAX_CONC_A,IC50_B,H_B,Einf_B,IC50_A,H_A,Einf_A,SUM_SYN_ANT_LOEWE,SUM_SYN_ANT_BLISS,SUM_SYN_ANT_HSA
5-FU.ABT-888,0.0,0.0,3.57014239277,3.16642358497,10.4832342664,3.41701680637,2.75256745029,17.150457845,9.52980961604,10.0842636723,9.32882448337
5-FU.AZD1775,0.0,0.0,0.116881492782,4.1182099671,25.6910997646,3.23136157033,2.41516838233,18.4096190113,9.6840234122,10.1408633668,9.96912634291
5-FU.BEZ-235,0.0,0.0,0.0816706447633,1.92621458072,12.1880071812,3.35545321476,2.61314063146,17.8438530881,18.3220633079,17.1692506588,18.2969359097
5-FU.BORTEZOMIB,0.0,0.0,0.00297512991492,3.77764368696,4.12239442595,3.39408272685,3.17572458918,17.474430363,42.984638831,42.6226845943,42.6864218104
5-FU.DASATINIB,0.0,0.0,0.684624830975,2.54448041769,31.2778072278,3.32296101758,2.81279458384,18.0023351346,17.4519066243,14.6793364471,18.2303823466
5-FU.DINACICLIB,0.0,0.0,0.00334804298926,2.81788658089,9.99642767351,2.91055447955,2.41090553312,18.3009202219,20.9298373601,21.0095791639,20.839686191
5-FU.ERLOTINIB,0.0,0.0,1.87431993859,3.97831380314,22.5151146573,3.22800916104,2.32722060448,17.7677347357,7.53690686243,13.6016169029,8.81530980973
5-FU.GELDANAMYCIN,0.0,0.0,0.599070268471,4.00665732139,20.1472854858,3.21933141318,1.81074386593,17.9390933222,6.919514347,12.2861170759,9.24904913612
5-FU.L778123,0.0,0.0,1.84717330449,3.24315463522,24.0819095898,3.47076265013,3.0337104573,17.7331876992,15.5681145525,15.1360976254,14.8448472979
5-FU.LAPATINIB,0.0,0.0,2.1517998951,3.8066859453,30.4948005221,3.26767416327,2.31181975238,18.0642186274,6.43419859463,11.6283792763,6.66877564935
5-FU.MK-2206,0.0,0.0,1.37531825417,3.24150885962,26.7836575524,3.40623209381,2.71650504708,18.1115010294,7.03496403315,11.0858722805,8.20046273203
5-FU.MK-4541,0.0,0.0,3.34633651644,2.73053340831,18.2774388388,1.50869236559,4.48850440981,8.37734463822,8.80890859976,10.6387163361,8.78274468822
5-FU.MK-4827,0.0,0.0,3.28029358731,4.23149736438,21.8016259039,3.25976934732,2.80383462442,17.3161143186,6.44829733031,12.5574001451,10.042381644
5-FU.MK-5108,0.0,0.0,0.610141249531,4.04677253975,28.4248272874,3.44816035012,2.85707778545,19.0869557378,6.16415986918,10.0196877526,7.78451120594
5-FU.MK-8669,0.0,0.0,0.282064603721,4.07812930991,20.4755141097,3.38430861488,2.91912084788,17.3423897394,9.37883859984,14.0293635644,10.4977352511
5-FU.MK-8776,0.0,0.0,0.404581152904,2.78681826606,24.096921811,3.35208215231,1.8048293682,18.18127985,15.2833239956,14.1581391281,15.0159547455
5-FU.MRK-003,0.0,0.0,3.18557798087,2.7817346225,16.2682873703,3.01785735971,3.76292165494,29.4130894589,7.33281611724,10.7512918789,8.57045232387
5-FU.PD325901,0.0,0.0,0.258071422957,0.689494152399,27.0648888169,3.34530174464,2.73130672441,18.129674149,31.5636815113,31.3504118823,31.446583519
5-FU.SORAFENIB,0.0,0.0,3.55082893453,3.45286415695,9.15705057482,3.58598333664,3.17425118867,17.9826572236,8.64460149878,9.95731618561,9.21649193525
5-FU.SUNITINIB,0.0,0.0,1.37984842476,2.81946463853,29.109388147,3.32704131103,2.35682604455,18.2792495932,4.99706969225,7.77273223519,6.82654983111
5-FU.TEMOZOLOMIDE,0.0,0.0,68.8778256512,4.43734949929,22.9866777418,3.23656790525,2.90486490191,18.1608409204,16.7652210589,15.8622251326,18.1901068253
5-FU.ZOLINZA,0.0,0.0,0.789265598223,3.67535288037,15.5652191258,3.22601658186,2.88342086704,18.4476445869,10.8822144712,11.5764173084,9.59128717252
ABT-888.AZD1775,0.0,0.0,3.88538148933,3.25319020473,11.397360167,0.111561394727,4.00517563756,23.168408917,6.5229178161,6.95442094818,6.53967299973
ABT-888.BEZ-235,0.0,0.0,0.0843452485251,0.684306345283,11.6339901708,3.62078626958,3.00136302134,9.26120052005,8.69409146793,8.35360147693,8.8411381013
ABT-888.BORTEZOMIB,0.0,0.0,3.33291308801,2.28629104717,10.8330416113,0.00305335089457,4.01093575878,5.3066764826,20.5763855201,21.0206967335,20.3755626971
ABT-888.CARBOPLATIN,0.0,0.0,3.94460045423,3.15161528126,12.8789663326,17.4471354167,4.35962446773,30.8249798132,10.6713681356,11.0898377571,10.0984934801
ABT-888.CYCLOPHOSPHAMIDE,0.0,0.0,3.85305758399,3.64722293155,11.9195843766,1.40856975513,2.00161382163,2.98133686924,7.65570059442,8.85192671865,7.49252915419
ABT-888.DASATINIB,0.0,0.0,4.07259498485,2.89549052088,14.1259373759,0.718713071701,2.71678560728,27.9140384253,12.0919833633,12.3917331453,12.3907415582
ABT-888.DEXAMETHASONE,0.0,0.0,4.00741774253,2.13645815869,13.6070768609,1.01521079766,2.02558850469,7.62668910564,10.3496242476,11.0319905277,10.2994747057
ABT-888.DINACICLIB,0.0,0.0,0.00429109657258,2.71729220634,10.3253452655,3.76315638643,3.14713050136,12.8761823639,7.1261180814,7.35437511063,7.43796587471
ABT-888.DOXORUBICIN,0.0,0.0,4.0142373686,2.84190700425,13.3674445021,0.0286941240518,2.53670779024,12.2045236226,5.69993611987,7.54053233802,5.52954938894
ABT-888.ERLOTINIB,0.0,0.0,4.0689658884,0.679205490373,13.9238433331,1.887719509,4.38472885043,26.2844963496,14.0053860776,14.0504987466,14.1390199575
ABT-888.ETOPOSIDE,0.0,0.0,3.97945761965,2.85348630479,12.378147656,1.0519245934,2.49757414646,18.1550384891,10.7407353002,10.4244088551,10.700228304
ABT-888.GELDANAMYCIN,0.0,0.0,0.728862841813,4.01780465329,21.1268508973,4.15172255378,2.12583531035,14.2495875841,15.5103841745,15.8910501348,15.3164287539
ABT-888.GEMCITABINE,0.0,0.0,4.29800751531,3.16090032447,15.0690613898,0.00175370181368,4.24407290232,18.6138891033,8.16159575507,8.15826271985,7.83894227202
ABT-888.L778123,0.0,0.0,3.70180539848,2.08431991611,14.1054818229,1.89536294063,3.41837201979,23.5038396696,7.18006070469,8.17890450608,7.18392595653
ABT-888.LAPATINIB,0.0,0.0,3.78968726782,2.85252597249,13.0636890575,2.11561886384,3.99460816935,29.2893017816,10.0975973405,12.4790706784,9.68419796752
ABT-888.METFORMIN,0.0,0.0,3.65325533608,2.99854999592,9.08449829501,124.080216599,4.63010367234,9.84436067874,5.78486593864,5.74499226547,5.70421243926
ABT-888.METHOTREXATE,0.0,0.0,3.97824170283,2.50848885416,13.0435644834,0.0458602447438,3.67910582471,22.0681447779,7.76655378635,7.31922595227,7.78947615807
ABT-888.MITOMYCINE,0.0,0.0,3.20657725202,2.15482183211,10.4240914239,0.110415238029,0.493176752144,16.9386398687,6.51254767513,6.62779840098,6.47875495623
ABT-888.MK-2206,0.0,0.0,4.06303067948,2.73614301817,14.0759154586,1.43619871017,3.03557725716,26.5022757829,10.0161647969,10.7357977261,10.4853541783
ABT-888.MK-4541,0.0,0.0,3.3640983299,3.23851466211,8.76844429239,1.50789529586,4.45143972312,7.5892273791,11.5264081097,11.7998370445,11.512425628
ABT-888.MK-4827,0.0,0.0,3.67100058017,2.75022647802,12.2505626176,3.46733539069,4.09579114316,24.694772308,9.02988579593,9.77519599049,9.13814207138
ABT-888.MK-5108,0.0,0.0,3.74118724983,3.39489314815,12.0295302934,0.533640592052,4.03565786963,25.1265501605,8.86314323043,9.49464022111,8.8309242081
ABT-888.MK-8669,0.0,0.0,0.199746441862,4.19963655202,18.3972778323,3.67726349644,2.05010264153,12.9951927295,15.4899669594,15.1941020791,15.4044305371
ABT-888.MK-8776,0.0,0.0,0.449695564175,3.15321553616,23.4957912263,3.84833721129,2.90603325501,13.0676869869,22.6227497898,23.5661136203,22.1643742185
ABT-888.MRK-003,0.0,0.0,4.16545537387,2.20802370145,13.2869320529,3.05697479779,3.8927665999,30.5286417611,7.1736157956,6.78085533415,7.49041254663
ABT-888.OXALIPLATIN,0.0,0.0,6.69318992355,3.75051291426,20.0504212938,4.01460530937,2.85058979664,12.941797843,12.5541431521,11.8747469544,12.2013111141
ABT-888.PACLITAXEL,0.0,0.0,4.08456301149,2.94957244556,13.8440599303,0.00591668071264,3.56442115356,16.3191655035,39.2166224294,39.984336626,39.2009001952
ABT-888.PD325901,0.0,0.0,3.93329893437,3.30885606052,12.9348344494,0.332008031794,0.757240766151,28.5107902238,10.0018470636,10.7559382559,10.0275985424
ABT-888.SN-38,0.0,0.0,0.00171053163375,3.59236221904,24.4816387875,3.78968726782,2.86463415851,11.0040305916,12.2224651471,12.4538181781,12.1308719161
ABT-888.SORAFENIB,0.0,0.0,3.4233360057,3.24184466501,9.33672917439,3.65867672127,2.26637834997,14.0361629934,13.1139044752,12.4322593955,11.944650526
ABT-888.SUNITINIB,0.0,0.0,3.93329893437,3.30822077034,11.9330199161,1.34329144783,3.4163308325,29.4152459242,5.87999693449,5.9849950286,5.87441058659
ABT-888.TEMOZOLOMIDE,0.0,0.0,3.84168949957,2.96243682496,13.396434141,83.7235828198,4.50320201742,23.1580447942,22.9911416616,22.3752352,23.6647735643
ABT-888.TOPOTECAN,0.0,0.0,0.0895731658732,0.319981803931,13.0395092082,3.98250222624,3.19566140804,13.5505968091,6.6687518325,6.89910101009,6.77401834978
ABT-888.VINBLASTINE,0.0,0.0,2.4032153775,0.698557290358,10.6872317497,0.00888971869627,4.13757425506,16.2451322446,9.69732047801,10.092267643,9.53877978576
ABT-888.VINORELBINE,0.0,0.0,3.79461843705,2.38107706995,13.0481945186,0.00789307340423,3.77027665274,14.672783344,25.7776553577,25.904448465,26.3237240197
ABT-888.ZOLINZA,0.0,0.0,3.93507130011,2.05792155845,13.1279418097,0.843403502409,3.79065479572,13.9606226701,18.1661928883,19.1056990181,17.9936096513
AZD1775.BEZ-235,0.0,0.0,0.0819252187569,1.91054980713,11.2755144534,0.119598216308,4.05759396902,25.7706216943,9.66608737878,10.0616445671,7.74710364582
AZD1775.BORTEZOMIB,0.0,0.0,0.00305213079007,3.99781946486,3.33413034211,0.109532823261,3.9083336249,26.108784122,18.0246468768,14.2441806352,13.6912391079
AZD1775.CARBOPLATIN,0.0,0.0,0.116429447292,4.02719157478,26.0487742229,18.3454104404,4.20703911877,32.1593248362,11.1007250149,11.810637577,12.1648614299
AZD1775.CYCLOPHOSPHAMIDE,0.0,0.0,0.101896549315,3.98387544138,23.854747319,1.53570376279,0.217237861907,2.97842412184,5.15137870165,5.17696006944,5.15426245287
AZD1775.DASATINIB,0.0,0.0,0.433830757404,3.11729964422,27.8206321597,0.117936933372,3.88057662977,25.9336912308,16.7876751417,17.5505428842,16.7509005454
AZD1775.DEXAMETHASONE,0.0,0.0,0.121442205648,3.82975247833,24.133341734,2.75389375707,2.12594913684,10.7493203415,9.39055783093,9.3009469661,9.44639962814
AZD1775.DINACICLIB,0.0,0.0,0.00344966857651,2.54797022664,9.28039900958,0.10867294473,3.88855550589,26.8170333487,9.45610253811,8.62446490241,7.36651794344
AZD1775.DOXORUBICIN,0.0,0.0,0.117360628965,3.88120372428,27.0197133657,0.0287218959801,0.475433248805,12.7046233194,8.19177440873,8.95579229853,9.29505923568
AZD1775.ERLOTINIB,0.0,0.0,1.72886778054,4.36493262255,26.6617007614,0.10686902804,3.91484451084,24.3370751321,10.0793489516,8.90002354999,9.52206912423
AZD1775.ETOPOSIDE,0.0,0.0,0.122315039285,3.96102508707,24.0130051959,1.05311101209,2.45723412014,18.587646464,34.9933917143,35.3722638018,34.2285178082
AZD1775.GELDANAMYCIN,0.0,0.0,0.615994955601,3.94935038357,17.8762521464,0.120011612515,4.0297323403,26.1908176063,14.659223219,13.6636868499,12.0341754477
AZD1775.GEMCITABINE,0.0,0.0,0.11702493653,3.99658539943,25.8216787185,0.00172693037757,3.89652522315,18.1947009775,6.42112811509,8.19195857292,7.71635122433
AZD1775.L778123,0.0,0.0,0.104076781338,3.94473825646,25.7941675801,1.73763934419,3.23804388833,26.6125872231,5.68556801811,6.5155627723,5.82153182842
AZD1775.LAPATINIB,0.0,0.0,2.10639713302,3.98877462606,26.2441799448,0.112019257837,3.9159399894,25.3658921739,7.1310664588,8.13714632069,7.18793512152
AZD1775.METFORMIN,0.0,0.0,0.117261866258,4.08327041177,25.6933551033,115.938713263,4.15295403439,11.2550792043,2.94260533058,3.46217886044,2.81952311099
AZD1775.METHOTREXATE,0.0,0.0,0.123386434383,4.31949002935,26.7282934703,0.0266958193234,3.7908862794,30.2584398186,10.7896836001,8.55387388586,8.38055696702
AZD1775.MITOMYCINE,0.0,0.0,0.110094594448,3.95007380223,26.0893792802,0.13998852583,0.482272465126,16.8726510339,12.6052099681,11.1934816825,12.5282681436
AZD1775.MK-2206,0.0,0.0,1.25921264705,3.14207625907,29.3943941021,0.113072649683,4.06170798019,25.558135028,7.57920924992,9.4012072161,8.65844693261
AZD1775.MK-4541,0.0,0.0,0.113551306895,4.0085475696,24.6304799729,1.51280847973,4.65990007207,7.59440251906,6.91335750935,7.20751906236,6.95236173257
AZD1775.MK-4827,0.0,0.0,3.38755634789,4.1402221705,21.8340992536,0.110999613569,3.93331559495,25.0322874609,19.6600361313,18.7334081396,19.3107773146
AZD1775.MK-5108,0.0,0.0,0.649912898532,3.90330302136,28.274928603,0.110288302632,3.99640067285,26.3598028768,6.86211451122,7.66982696449,6.96698903
AZD1775.MK-8669,0.0,0.0,0.287811137939,4.26438896374,18.0892581217,0.105560779647,4.19615663509,25.2329934829,9.60655909174,10.1722377213,9.47752664984
AZD1775.MK-8776,0.0,0.0,0.430807088168,2.61201409925,28.0867181254,0.104527644355,3.92532561808,24.3285473686,18.8915005561,20.7136735866,19.6443210751
AZD1775.MRK-003,0.0,0.0,0.122956387531,3.91442186902,24.3799787337,2.94682911562,4.09696880063,26.803660345,7.61507613019,7.16656787846,7.20643328881
AZD1775.OXALIPLATIN,0.0,0.0,6.25388959629,3.7525657949,19.4863797374,0.0880380254537,3.91609553148,26.5427385846,9.43866850255,8.97088244551,8.4245164048
AZD1775.PACLITAXEL,0.0,0.0,0.117054856976,3.8682969397,25.2215865267,0.00568974678622,3.90413257507,16.4029792958,15.2897860656,9.54004113812,9.89550590885
AZD1775.PD325901,0.0,0.0,0.337238797008,0.781279255733,27.6161356243,0.116847040341,3.88841209402,25.3875123519,9.57085810185,9.83343526259,8.91878809757
AZD1775.SN-38,0.0,0.0,0.00158657944251,3.57908790597,27.4779912793,0.105497577419,3.89087973586,24.5547821883,20.3404810674,19.1355078513,19.2761263487
AZD1775.SORAFENIB,0.0,0.0,2.94631914144,3.15356307548,7.84809938159,0.116761404217,3.85487322901,24.5937583205,9.37466967138,7.30745326284,6.6671557834
AZD1775.SUNITINIB,0.0,0.0,0.114497771014,3.92233627006,24.6431645179,1.30551121873,3.42325379223,30.2411223064,7.22710844246,6.12377141784,5.53395268547
AZD1775.TEMOZOLOMIDE,0.0,0.0,0.110398258021,3.94119754958,24.3101388726,83.3739140206,4.52680469777,22.7962342758,13.7689727778,13.6209944737,15.7347414514
AZD1775.TOPOTECAN,0.0,0.0,0.0834720469029,0.294969231873,14.125539722,0.115638774298,4.08111553835,23.6236657445,10.6175123868,11.5224623813,13.4243901788
AZD1775.VINBLASTINE,0.0,0.0,0.117884074878,3.88859387207,24.0416096268,0.0116411486313,4.10881062383,16.1121090506,14.0934069772,11.7799863953,11.6576418584
AZD1775.VINORELBINE,0.0,0.0,0.122497140753,3.86299070118,22.6167881192,0.00464630235876,4.15757444613,15.0127733604,14.9913157087,9.04008414786,9.92124639488
AZD1775.ZOLINZA,0.0,0.0,0.114168444932,3.93635421601,23.7881454779,0.792643650028,3.57547721491,16.0969070157,11.4884069234,10.803358613,9.40463165126
BEZ-235.BORTEZOMIB,0.0,0.0,0.0359862869495,2.02707823199,13.4832234049,0.00286622569787,3.6231883571,5.46789042637,19.2968246578,14.8542884011,15.1193262958
BEZ-235.CARBOPLATIN,0.0,0.0,0.0792114157034,1.81898084007,12.2772527995,17.1528816574,4.43745696944,32.3189257759,18.2945853654,16.904601955,14.210779664
BEZ-235.CYCLOPHOSPHAMIDE,0.0,0.0,0.0765328536459,2.35539629044,12.343643044,1.40253256162,1.96230503033,3.16969213155,7.4166902812,7.4058556353,7.41752171597
BEZ-235.DASATINIB,0.0,0.0,0.0797964599438,0.664964331837,11.3081563438,0.503107713364,2.75057401146,30.2559583302,17.1056126891,19.7061629205,17.7385335037
BEZ-235.DEXAMETHASONE,0.0,0.0,0.0777350977441,0.698190451881,12.512316541,2.67390793738,1.99904791395,9.83228970161,11.6164110095,11.0262804856,11.7207016039
BEZ-235.DINACICLIB,0.0,0.0,0.00341589003443,3.00648046443,9.61693611052,0.0763896925203,0.681711717585,11.905752804,11.4120500668,8.03008591559,8.61838477294
BEZ-235.DOXORUBICIN,0.0,0.0,0.0790052464203,1.85567607425,12.0480004249,0.0313930386823,1.87347686971,14.1936629851,8.20500460368,10.4140479911,7.14299157372
BEZ-235.ERLOTINIB,0.0,0.0,0.0811146775804,1.80994713092,13.04113581,1.96547401864,4.33046414484,26.0120792559,13.1253368216,16.1204362281,13.1218338352
BEZ-235.ETOPOSIDE,0.0,0.0,0.0728619227089,1.72704652899,12.4952029357,0.834807725973,3.12911656006,18.5309839859,18.14869797,17.6114534926,15.9366138722
BEZ-235.GELDANAMYCIN,0.0,0.0,0.08597590323,1.95139953484,12.8669973343,0.565416505563,3.99204350614,19.3982892177,19.1690786825,22.9164196004,18.3253969588
BEZ-235.GEMCITABINE,0.0,0.0,0.0326837223554,2.0093268966,12.8294550514,0.00176915632575,4.23824738157,18.2101191601,14.0968586074,8.76109396319,10.0889563965
BEZ-235.L778123,0.0,0.0,0.0809070925059,0.708930341373,11.971929985,1.67027468226,3.49433271969,26.2931259888,8.01996876538,10.0639375653,9.30325332158
BEZ-235.LAPATINIB,0.0,0.0,0.0293477644289,1.73147249846,12.7894474244,2.1585724191,3.52978663194,26.9103854378,14.5207252473,16.0194187904,16.1583211627
BEZ-235.METFORMIN,0.0,0.0,0.0345222646208,0.60690118156,12.8030488309,117.297129438,3.85121669889,10.275516713,7.39703243167,7.71656755095,7.73834816795
BEZ-235.METHOTREXATE,0.0,0.0,0.0811113921064,1.83378456255,12.639144771,0.0388447271253,3.84099219674,27.7105541675,14.6781185496,12.7401269733,11.551730468
BEZ-235.MITOMYCINE,0.0,0.0,0.078371178645,1.85007117101,12.9823068825,0.1278432198,0.363104328725,15.9008731179,16.7307443082,19.8060858838,16.6389422584
BEZ-235.MK-2206,0.0,0.0,0.0737724444838,1.70934441361,12.5275396702,1.37303303987,3.23558833741,29.4839170556,13.868488908,17.2949208987,12.0051370461
BEZ-235.MK-4541,0.0,0.0,0.0333813423948,0.568197635885,12.1963825366,1.48055489002,4.77746146255,7.8949215615,11.898379446,11.0891369448,12.1894233859
BEZ-235.MK-4827,0.0,0.0,0.0252008869053,1.99521426232,12.9957350871,3.19867202676,4.1703361158,23.9063543988,10.4715304782,15.0146637418,12.2466417889
BEZ-235.MK-5108,0.0,0.0,0.0812126879903,1.85635131092,13.0229067787,0.672799111256,4.01256419636,26.6918399708,9.73985366364,11.1480677312,9.05502239421
BEZ-235.MK-8669,0.0,0.0,0.0305962242464,2.70069585744,14.8683018866,0.000973696230948,4.10174391359,16.4201645994,19.9897532873,23.7115320692,19.0431656002
BEZ-235.MK-8776,0.0,0.0,0.442965622006,2.52498069186,25.8660405536,0.0348944424312,0.726444652529,11.7830410557,60.2924636289,61.7506976738,59.8598089285
BEZ-235.MRK-003,0.0,0.0,0.0877415088722,0.568718343164,12.1702517369,3.07968464388,3.49201675978,24.510669245,9.90814355391,10.1610302413,9.62643320763
BEZ-235.OXALIPLATIN,0.0,0.0,6.13915883787,3.83985786944,19.7986236752,0.0810118531072,1.93731478295,12.5723360369,7.90314176714,12.7797985413,7.81574554182
BEZ-235.PACLITAXEL,0.0,0.0,0.0853017926902,0.734693218452,13.8154983911,0.00594365020338,3.66684996534,15.8383671088,70.5705797765,65.3730724957,66.6365954444
BEZ-235.PD325901,0.0,0.0,0.0785235480522,1.85007415024,12.3117634785,0.281944485503,0.730362390742,26.5942754268,13.9534059161,18.5241709528,13.9874781109
BEZ-235.SN-38,0.0,0.0,0.00159078884307,4.14182595568,24.9999124587,0.0233441242163,1.77528759058,12.0696569923,8.31523182843,12.0497284789,8.49364601711
BEZ-235.SORAFENIB,0.0,0.0,3.42668342996,2.89619317146,8.33306538775,0.0877968287781,0.490825553125,11.8972590179,11.882598536,11.0962752778,11.6371499074
BEZ-235.SUNITINIB,0.0,0.0,0.0764125090897,0.689778577708,12.4429167002,1.39923453957,3.0050792475,27.9765496633,7.87582024175,11.4456015417,8.73123466374
BEZ-235.TEMOZOLOMIDE,0.0,0.0,0.0779847556704,0.664913961808,11.4606855707,70.7436299037,4.60118076083,23.4387903152,16.8271664527,16.6366352992,18.5614919513
BEZ-235.TOPOTECAN,0.0,0.0,0.0808052393317,1.84031484418,12.4095956955,0.0790170249211,0.314544976213,13.2418721388,13.1402196479,14.8660085362,13.4514840096
BEZ-235.VINBLASTINE,0.0,0.0,0.0778958124404,0.630683297188,12.127932412,0.0127792270387,4.05227097309,14.8888650047,15.432750838,15.5904961676,13.8809487204
BEZ-235.VINORELBINE,0.0,0.0,0.0824671960199,0.661145068137,11.8672538474,0.00792282230696,3.74124318212,14.5132972333,50.101782433,48.6862599214,48.7068814512
BEZ-235.ZOLINZA,0.0,0.0,0.0793042345753,0.607479601822,11.3952181792,0.665730966662,3.96213935814,16.3371501298,16.5043306768,19.1274384627,17.0526032238
BORTEZOMIB.CARBOPLATIN,0.0,0.0,0.00291888609641,3.79745898196,5.14986243055,15.2373467082,4.28215951396,31.7165889035,29.297585972,28.190165003,26.1008105306
BORTEZOMIB.CYCLOPHOSPHAMIDE,0.0,0.0,0.00308704760751,3.50679789471,4.33858614313,0.0,0.0,0.0,25.8737156211,25.8737156211,25.8737156211
BORTEZOMIB.DASATINIB,0.0,0.0,0.73546434057,2.07926074949,27.3589402339,0.00280024277715,3.59387246741,5.02378219892,25.2700763978,24.0446640189,22.5344065921
BORTEZOMIB.DEXAMETHASONE,0.0,0.0,0.00273680871427,3.16925113453,4.71772684941,1.98010270091,2.12924899876,5.11111224503,22.6551454234,22.4862810211,22.6407921824
BORTEZOMIB.DINACICLIB,0.0,0.0,0.00348991893819,2.91868654824,10.5326324992,0.00331294928852,4.07524315749,3.57366922779,15.5676920233,17.4514826182,16.948094858
BORTEZOMIB.DOXORUBICIN,0.0,0.0,0.00317157293999,4.18365863098,4.28614884914,0.0312274432311,2.09943623108,15.453414874,17.2629838543,13.0515014815,13.6985438451
BORTEZOMIB.ERLOTINIB,0.0,0.0,0.0031351094406,3.8804086397,3.93518374383,1.87502133327,4.19034600097,25.595593556,25.2649779616,24.4899344135,22.6397203217
BORTEZOMIB.ETOPOSIDE,0.0,0.0,0.00283149588432,3.36669461347,5.36282773822,1.11236236568,3.2009548609,18.2706244827,18.5209043308,18.820854456,18.8386814297
BORTEZOMIB.GELDANAMYCIN,0.0,0.0,0.484274894282,4.06136936883,17.1795150771,0.00294225827459,3.67162821247,5.98122409645,25.920026684,32.7561811367,28.6312473449
BORTEZOMIB.GEMCITABINE,0.0,0.0,0.00314741523944,3.95786386391,5.61252568797,0.0018168200193,4.00103396697,14.3279086262,9.48562768302,5.62668579022,5.76061698707
BORTEZOMIB.L778123,0.0,0.0,0.00303870486226,3.866468082,4.8157169384,1.71587745663,3.28305722624,24.0679871659,14.7998334764,14.2507388288,13.0816207423
BORTEZOMIB.LAPATINIB,0.0,0.0,0.00332814790243,4.04882063868,5.18763468514,2.27079895127,3.03467640622,32.7647182614,29.9308521816,28.8957530816,27.127763093
BORTEZOMIB.METFORMIN,0.0,0.0,0.00289471894688,3.83167080505,5.16779149721,124.888117198,4.33841302988,10.719545546,15.8698025842,16.0474631027,15.8367519799
BORTEZOMIB.METHOTREXATE,0.0,0.0,0.0032475415524,3.87728469678,3.71279307549,0.0287158831617,3.27831141905,31.4453066791,13.5618992854,8.86429329565,6.09459176373
BORTEZOMIB.MITOMYCINE,0.0,0.0,0.00290937743868,3.68096560288,5.58838020644,0.155568044451,0.418194363137,15.9678434643,17.5722717538,18.7138684094,17.885059089
BORTEZOMIB.MK-2206,0.0,0.0,0.00282785064879,3.6340171722,4.81753930572,1.1829539311,3.34028013338,28.9381511283,24.3879316326,28.7321156816,23.0411834116
BORTEZOMIB.MK-4541,0.0,0.0,0.00303106618698,3.92910179943,3.23488259063,1.47703388689,4.49215354295,7.65483726699,28.6285406333,28.7457151025,28.5051945283
BORTEZOMIB.MK-4827,0.0,0.0,0.00292733908238,3.59003974628,5.10070299431,3.66956157246,4.1123743797,18.2465529161,48.8621694537,52.0924706264,50.1046135253
BORTEZOMIB.MK-5108,0.0,0.0,0.00289956018616,3.80644112402,4.17008010534,0.479428939275,3.94997333862,23.7953599171,19.4670112935,19.2880644473,18.0391920455
BORTEZOMIB.MK-8669,0.0,0.0,0.00084498550991,3.8954529027,17.6927572458,0.00279484901377,3.64443857955,3.39265632799,19.0705281642,19.6297578715,17.4090996245
BORTEZOMIB.MK-8776,0.0,0.0,0.331956262529,2.56120694488,21.6977215771,0.00295982179669,4.02501882778,5.10966150905,60.07549969,62.1355165743,58.7705337215
BORTEZOMIB.MRK-003,0.0,0.0,0.00305090391782,3.96581139524,4.23635100538,3.07382055213,3.65297430012,30.3870875594,22.2643595833,20.0373928444,18.278373182
BORTEZOMIB.OXALIPLATIN,0.0,0.0,6.9938304571,3.48044796996,17.510385726,0.0029224590361,3.280811732,1.87938266187,17.9555968079,18.8171699336,16.3414120094
BORTEZOMIB.PACLITAXEL,0.0,0.0,0.00287801680081,3.79818564962,5.6539923098,0.00499300404523,3.59623824238,15.2638924182,78.1537488457,67.9702332882,69.1419949449
BORTEZOMIB.PD325901,0.0,0.0,0.00297215351243,3.81352405761,4.56244566183,0.288888817691,0.581769999134,26.7415770248,26.5702429642,26.0354256639,23.2329463307
BORTEZOMIB.SN-38,0.0,0.0,0.00163874270415,3.91422657302,25.073217332,0.00297912585267,3.4230273357,4.95494247728,21.1632496313,19.8357107551,19.3932451741
BORTEZOMIB.SORAFENIB,0.0,0.0,3.87574934058,2.88064649161,8.64910590236,0.00295980149554,3.79968615312,5.59238123564,13.7477362296,15.4750875543,15.1636092172
BORTEZOMIB.SUNITINIB,0.0,0.0,0.00290409059491,3.72275134484,5.26574613038,1.44118469472,2.95288341238,21.5625978684,7.9981101817,9.01658062731,8.79148275797
BORTEZOMIB.TEMOZOLOMIDE,0.0,0.0,0.00284042567432,3.73222114763,4.63158536361,72.8809407957,4.68692095754,17.7691931258,23.7155190663,24.1604328375,24.9962992813
BORTEZOMIB.TOPOTECAN,0.0,0.0,0.0580032840206,0.282560501497,11.8690987178,0.00264421976682,3.53967968177,5.76662620649,14.3655034058,16.0110441586,15.0756749776
BORTEZOMIB.VINBLASTINE,0.0,0.0,0.00273684577099,4.12521113378,4.87246923945,0.00892175357911,2.86336600278,16.941494869,21.1831629107,26.4670137911,23.3000218552
BORTEZOMIB.VINORELBINE,0.0,0.0,0.0031689359207,3.74557548758,4.23662945882,0.00972717656408,3.32942183268,14.9182552864,75.2447468542,74.5198152159,73.44629165
BORTEZOMIB.ZOLINZA,0.0,0.0,0.00310527877269,3.53444251975,5.46824442767,0.509673722205,3.8150011358,15.2482011425,25.2610538421,22.413983208,23.3319075208
CARBOPLATIN.DASATINIB,0.0,0.0,0.680249168114,2.983094032,28.6403513809,17.1478365766,4.37182893515,31.4939373293,20.8244067878,19.8816916144,21.6013648441
CARBOPLATIN.DINACICLIB,0.0,0.0,0.00336684820537,2.80529293823,9.92557418188,16.5580388898,4.13132370683,31.320245535,9.20512261691,10.4164341177,10.9088177789
CARBOPLATIN.ERLOTINIB,0.0,0.0,1.8572162596,4.10749801019,25.0129943583,16.5512498664,4.31922701595,29.0046398385,13.354066304,16.5616425305,13.6938007176
CARBOPLATIN.GELDANAMYCIN,0.0,0.0,0.668039767521,3.92690033298,21.044609153,18.3479162565,4.47399067148,31.8524744219,20.9963182186,24.6364444203,23.336936478
CARBOPLATIN.L778123,0.0,0.0,1.85154166467,3.43701147676,25.681334268,14.6624978774,4.29916891289,32.93746407,11.9062044473,11.6314628302,12.8568976542
CARBOPLATIN.LAPATINIB,0.0,0.0,2.23224050453,3.75015162496,29.8306070292,17.165660454,4.39307281142,31.886931838,8.92685907399,10.5654473748,9.39840260989
CARBOPLATIN.MK-2206,0.0,0.0,1.14050200545,2.76543669584,27.5310523922,12.694805714,4.31197032884,29.2132746996,12.2210749129,14.9587821721,12.7431497461
CARBOPLATIN.MK-4541,0.0,0.0,16.5143928602,4.39792612667,32.609192319,1.4454670217,4.51359204751,7.19814258659,15.5846900864,15.9352306009,15.1714297634
CARBOPLATIN.MK-4827,0.0,0.0,3.28009253368,4.19611779324,23.1473882538,17.5996768614,4.39765632001,31.1377271856,12.4674219963,14.9160159933,13.5585078653
CARBOPLATIN.MK-5108,0.0,0.0,0.596457179187,3.84200207565,29.5840940927,17.3969511684,4.30314916848,31.3036566356,11.7948595259,13.7891925532,12.2506745772
CARBOPLATIN.MK-8669,0.0,0.0,0.000876411892245,4.11127707469,18.7838536859,17.8159199121,4.27899760013,31.5661324399,10.9707960547,17.5150420013,12.066615682
CARBOPLATIN.MK-8776,0.0,0.0,0.389611538078,2.35691402313,24.5471205856,17.2590943198,4.41156082716,28.7460366815,14.586729754,16.1641444908,17.7908827632
CARBOPLATIN.MRK-003,0.0,0.0,14.6824114528,4.38953075987,31.2558099165,2.98287271064,4.20742649405,28.6056010032,5.92669561585,8.32670888104,6.11278287442
CARBOPLATIN.PD325901,0.0,0.0,0.331558591318,0.687042043655,29.1505208284,17.6407565787,4.28573815957,33.170093032,13.505108024,14.9668659806,13.3305160111
CARBOPLATIN.SORAFENIB,0.0,0.0,3.44426194527,3.0172994475,9.19423859262,16.9903852312,4.43442766578,31.0435704806,11.794646352,9.43208061408,8.07343674626
CARBOPLATIN.SUNITINIB,0.0,0.0,1.25925522877,3.21211573817,29.6975479955,15.8251933319,4.40327472763,31.8179491766,7.94807228693,8.63804178345,6.9654125917
CARBOPLATIN.TEMOZOLOMIDE,0.0,0.0,76.2954912288,4.60034368297,22.2552136061,16.7220893493,4.35962446773,30.4095399269,12.2489112724,11.4649842761,13.4758402509
CARBOPLATIN.ZOLINZA,0.0,0.0,0.810145555183,3.82683784704,16.5286420921,17.8764380352,4.4654592191,29.2289102524,14.8526822704,15.6164322369,14.3669455479
CYCLOPHOSPHAMIDE.DASATINIB,0.0,0.0,0.467779551835,3.11531876867,30.8387979099,0.0226780629118,2.08514414057,1.37385749019,10.8703346697,10.7881983237,10.8703346697
CYCLOPHOSPHAMIDE.DINACICLIB,0.0,0.0,0.00402843359386,2.88766905221,10.7259845711,1.4686213195,2.08604087176,3.103490004,6.73006922424,7.09916822453,6.71568575309
CYCLOPHOSPHAMIDE.ERLOTINIB,0.0,0.0,1.82210114889,3.74791204068,23.7523919202,1.4686213195,2.08604087176,3.103490004,7.07026958561,7.43849408001,7.0684930891
CYCLOPHOSPHAMIDE.GELDANAMYCIN,0.0,0.0,0.70672241234,4.01183510622,22.5163751055,0.0263782155675,2.42535625036,1.5980160729,9.48230035018,10.1129481137,9.46889581383
CYCLOPHOSPHAMIDE.L778123,0.0,0.0,1.7626928655,3.48400118046,23.5479838136,0.0,0.0,0.0,5.84513328784,5.84513328784,5.84513328784
CYCLOPHOSPHAMIDE.LAPATINIB,0.0,0.0,2.09763084447,3.78753100936,28.1818952458,0.0226780629118,2.08514414057,1.37385749019,5.77476452516,5.83502519623,5.77476452516
CYCLOPHOSPHAMIDE.MK-2206,0.0,0.0,1.42683084435,2.99633812694,27.4227928997,1.4074957476,0.1991017892,2.729770798,7.26051039183,7.31910728916,7.2719021405
CYCLOPHOSPHAMIDE.MK-4541,0.0,0.0,1.50167831488,2.13246479565,3.17045056925,1.44376990764,4.8174751309,9.36499526842,10.0943916137,10.187982392,9.99079184973
CYCLOPHOSPHAMIDE.MK-4827,0.0,0.0,3.59099093694,4.19560452788,22.1668163997,1.35532984209,1.9266672621,2.87251154036,11.7326449605,12.791429742,11.659782179
CYCLOPHOSPHAMIDE.MK-5108,0.0,0.0,0.604760013776,4.10051802559,27.3612276626,1.46741575549,0.207577964564,2.84598279228,9.10817152432,9.14477086463,9.10503791146
CYCLOPHOSPHAMIDE.MK-8669,0.0,0.0,0.293906330629,4.10922228247,15.7048363144,0.0231877459418,2.13200716356,1.40473454751,10.3036143851,11.059462169,10.254044787
CYCLOPHOSPHAMIDE.MK-8776,0.0,0.0,0.425915205005,3.04950360628,23.1749086544,1.43765567354,2.04252068644,3.04058250289,9.12388115054,10.1344461652,9.07779258878
CYCLOPHOSPHAMIDE.MRK-003,0.0,0.0,1.35532984209,1.9266672621,2.87251154036,3.25738026303,3.55642658948,25.8060177289,10.169033267,10.0441582109,10.2228068078
CYCLOPHOSPHAMIDE.PD325901,0.0,0.0,0.359855407311,2.09515986327,30.1561239591,1.57509529723,2.23543210485,3.31841153111,8.76314488204,9.58750563776,8.75360638884
CYCLOPHOSPHAMIDE.SORAFENIB,0.0,0.0,3.2684941789,3.39098128663,8.45152296803,1.43651933198,0.203207412673,2.7860606541,9.90645359496,9.87724532284,9.90645359496
CYCLOPHOSPHAMIDE.SUNITINIB,0.0,0.0,1.50810406546,2.88897997949,29.8638568895,1.4686213195,2.08604087176,3.103490004,6.29142781561,6.36645090555,6.35121985918
CYCLOPHOSPHAMIDE.TEMOZOLOMIDE,0.0,0.0,75.5085455289,4.5432493138,27.9704597259,1.65874964603,0.234643708816,3.21706573725,9.18318760304,9.57584080793,9.17512763729
CYCLOPHOSPHAMIDE.ZOLINZA,0.0,0.0,0.758402807265,3.61792999896,15.3264088534,1.38118075952,1.96306893669,2.92541254769,9.9143374233,10.3974567452,9.90731136214
DASATINIB.DEXAMETHASONE,0.0,0.0,0.664428829674,2.90174644647,28.720655603,3.00735014623,3.10463183423,10.6339854341,26.8914519219,26.0262850143,26.7245853097
DASATINIB.DINACICLIB,0.0,0.0,0.00266104964757,3.03357841077,10.1880826598,0.665653062594,2.52845739092,30.4914366202,14.6727141709,14.4945395375,13.2585090177
DASATINIB.DOXORUBICIN,0.0,0.0,0.709441992406,3.44959613187,30.2422604231,0.0293902937925,2.77003124405,13.0038863427,20.1704659571,16.8412247477,21.6300297389
DASATINIB.ERLOTINIB,0.0,0.0,0.697351271218,1.92269721027,29.8929245033,1.98660847328,3.68457667694,22.7137367285,38.3290558026,41.9761713733,39.0105841441
DASATINIB.ETOPOSIDE,0.0,0.0,0.711705698753,2.66365593402,30.4358791872,0.953266735507,2.50712157876,19.2963301524,50.6770670613,49.476739825,52.2394174883
DASATINIB.GELDANAMYCIN,0.0,0.0,0.687798068322,3.91171924426,20.2252372815,0.677504858001,2.01934739992,32.0036496775,23.3257623696,21.8911464965,24.9203292897
DASATINIB.GEMCITABINE,0.0,0.0,0.418261087798,3.24908312762,29.7134094393,0.00107282273625,4.30689071512,18.4678886445,14.344941855,12.3551101104,13.3130958098
DASATINIB.L778123,0.0,0.0,0.674031113802,3.05801228682,28.2398299505,1.69962875406,3.07142661072,23.6093969298,23.1437559295,23.3373503891,23.3837138505
DASATINIB.LAPATINIB,0.0,0.0,0.683046200432,2.99475333961,29.0356968767,2.21428950202,3.64583861205,30.2489158662,27.4897685872,24.9012476726,29.2435557773
DASATINIB.METFORMIN,0.0,0.0,0.679878986479,2.99604526324,29.5265474982,118.183833295,4.35274047968,10.821919736,17.9468885048,17.8282558509,17.873762704
DASATINIB.METHOTREXATE,0.0,0.0,0.805554287786,3.12033405396,28.628336582,0.0194174959225,3.54620962951,19.8423218789,13.2642715553,14.382039637,11.2383013999
DASATINIB.MITOMYCINE,0.0,0.0,0.65075290758,2.80464461338,29.7908972412,0.138341788744,0.471207584478,16.3979325215,22.2771760431,19.5350560466,24.2717705097
DASATINIB.MK-2206,0.0,0.0,0.717763757303,1.98845510533,32.3725865215,1.06718396872,3.13638841366,25.4276029148,25.5353448033,27.7652613303,25.3888291099
DASATINIB.MK-4541,0.0,0.0,0.72088269911,2.01155915426,28.3354209589,1.48988520499,4.56994613011,7.33370918777,23.7644563197,23.1200125817,23.6686634174
DASATINIB.MK-4827,0.0,0.0,0.649227058637,3.1162396732,31.8767536419,3.17156988366,4.20389615179,24.4180821523,25.2941830609,20.689641141,26.1334885987
DASATINIB.MK-5108,0.0,0.0,0.700493066839,2.71848289993,31.5643729545,0.532905426545,4.18803826938,24.3139712066,14.2285143119,13.7798846609,14.6441361182
DASATINIB.MK-8669,0.0,0.0,0.266598507448,3.9394331805,17.8543081098,0.655182146313,2.47743606347,29.3264899217,25.8610598268,23.7670164664,26.4653785316
DASATINIB.MK-8776,0.0,0.0,0.417768462871,2.67323709657,22.7337552761,0.700662539578,3.09045578997,29.007599732,24.5308197196,23.1976693994,25.7041312777
DASATINIB.MRK-003,0.0,0.0,0.673996049154,3.0846560707,30.4947959239,3.05060354967,4.13477548233,29.0468256392,21.4057703563,17.212992319,22.7424642117
DASATINIB.OXALIPLATIN,0.0,0.0,6.44228105047,3.6571652534,19.2010373479,0.666636853611,2.42893570707,28.4032100217,18.2228085092,17.4869878663,19.3281568665
DASATINIB.PACLITAXEL,0.0,0.0,0.714082510489,2.68482241275,29.1752795732,0.00566591397986,3.51803163488,15.2701073301,19.6889829136,18.2306070622,21.561437339
DASATINIB.PD325901,0.0,0.0,0.711550447701,1.94828064276,30.8031918989,0.201886884091,0.715059165537,26.6052802937,41.6289633896,35.5420267956,43.1155681122
DASATINIB.SN-38,0.0,0.0,0.00170970139277,3.93054081044,26.7468094649,0.432275684931,2.47117566099,30.4008446085,19.0929602927,15.6709443515,20.0760552648
DASATINIB.SORAFENIB,0.0,0.0,3.19130225693,3.16839029783,9.22630327591,0.715465313348,3.38666166313,32.7245068023,14.7707483896,13.5702651605,12.8804302031
DASATINIB.SUNITINIB,0.0,0.0,0.674068591325,2.92888217291,30.4975141273,1.37792864107,3.19954847894,29.1503997239,12.8923773273,14.0484429438,13.2308453284
DASATINIB.TEMOZOLOMIDE,0.0,0.0,0.720247509158,3.42862321527,28.8618230685,58.3503792947,4.43653285368,25.6303741366,30.3798351085,22.4746099641,31.6041641313
DASATINIB.TOPOTECAN,0.0,0.0,0.0961828715329,0.317837442886,12.6548644851,0.724184060176,2.88609187638,30.4366263473,21.1647647525,18.3733650063,22.4095647668
DASATINIB.VINBLASTINE,0.0,0.0,0.520545775573,2.97022833721,29.8995885011,0.0121235648608,4.17339462337,17.484748377,18.6996640826,17.5822327986,21.479626259
DASATINIB.VINORELBINE,0.0,0.0,0.741821841257,2.1064342315,30.161002219,0.00776890586835,4.07151448588,14.6255613094,24.4117769828,18.3336313509,25.7866868934
DASATINIB.ZOLINZA,0.0,0.0,0.704084449078,2.6241211336,29.9951276448,0.783617552147,3.68104401415,15.9892486782,12.7992147626,18.042999681,11.9406200291
DEXAMETHASONE.DINACICLIB,0.0,0.0,0.00365344373784,2.96513851967,10.9097665331,2.24866665235,2.11552535468,10.4722242194,8.58820120992,9.26171707627,8.01280603427
DEXAMETHASONE.ERLOTINIB,0.0,0.0,1.85765068692,4.3483425154,25.9632518105,2.69974163836,2.77360834647,8.43539615739,18.9695551481,19.3244655231,18.869831216
DEXAMETHASONE.GELDANAMYCIN,0.0,0.0,0.65949749213,3.99025623528,20.6699710769,2.63094982872,2.77625999082,10.3917456088,11.3422102577,13.0656411205,11.3271594313
DEXAMETHASONE.L778123,0.0,0.0,1.71397947153,3.45239131883,24.0075903325,2.16519681239,2.02214216291,10.5180391563,9.40603075069,12.2708594414,9.41988497059
DEXAMETHASONE.LAPATINIB,0.0,0.0,2.09806457799,3.76104003851,30.0583889179,1.96264884899,2.02043998381,10.5453648326,18.9700539221,17.1512693443,18.9561870581
DEXAMETHASONE.MK-2206,0.0,0.0,1.4879707865,3.42855812111,30.6705752119,3.18875296033,3.32863477926,9.72774907743,16.3088782446,14.6100170886,16.1046924031
DEXAMETHASONE.MK-4541,0.0,0.0,2.12831854929,2.83011471785,5.34771298984,1.37719910523,4.49676114893,7.19062249598,15.9699942574,15.4944422624,15.9453416976
DEXAMETHASONE.MK-4827,0.0,0.0,3.19631930954,4.15661765904,23.3789541505,2.61788590901,2.67002980545,9.66631617025,13.5841807554,14.0034701956,13.4824298194
DEXAMETHASONE.MK-5108,0.0,0.0,0.582591090913,3.76151799619,27.1547456287,2.62385298072,1.96081131135,10.0823257111,11.0305634625,12.5390787389,10.9678406375
DEXAMETHASONE.MK-8669,0.0,0.0,0.276596242123,4.00883073909,19.6315478111,2.66769885734,2.71973603474,9.5779557648,15.7578268915,13.3900770062,15.2585407619
DEXAMETHASONE.MK-8776,0.0,0.0,0.413442443165,2.95374350898,26.323454834,2.65347757411,2.66771010501,10.0374314361,10.6731785039,11.5227804003,10.680099877
DEXAMETHASONE.MRK-003,0.0,0.0,2.9411637523,3.05705609639,10.1972767179,3.04858884398,3.94346677627,27.9815116296,11.9175665436,12.4645377847,11.8663460893
DEXAMETHASONE.PD325901,0.0,0.0,0.321205176739,0.741842727486,27.8439105554,2.62385298072,1.96081131135,10.0823257111,24.1133600803,20.670662926,24.2758399825
DEXAMETHASONE.SORAFENIB,0.0,0.0,3.70845541669,3.04814660995,8.7744525752,0.345797023152,2.22581676696,2.93003345427,8.27222099471,8.36929651303,8.2622418436
DEXAMETHASONE.SUNITINIB,0.0,0.0,1.38509410426,2.87252163393,29.4286202471,2.72692807976,2.03960932674,10.4330854974,8.28671592211,8.16053517134,8.43196974486
DEXAMETHASONE.TEMOZOLOMIDE,0.0,0.0,71.8073363045,4.77131772322,22.9663495498,2.00840918622,2.06558570109,10.7044092856,12.8973427245,13.2910073136,12.7986434357
DEXAMETHASONE.ZOLINZA,0.0,0.0,0.825154817075,3.63749961922,15.3399945275,3.11374744954,3.20946354499,10.9022021218,13.9936128222,14.9718366994,13.658094834
DINACICLIB.DOXORUBICIN,0.0,0.0,0.00342653323791,2.81328778799,10.7914508657,0.0311625958995,2.42248595775,13.6720952398,5.99309330623,7.76407283517,6.16018093136
DINACICLIB.ERLOTINIB,0.0,0.0,0.00357016819852,2.60908853663,10.5045635385,1.8458426518,3.94970407974,25.8761207153,10.9465449096,11.7926281084,11.0517547241
DINACICLIB.ETOPOSIDE,0.0,0.0,0.0032909263502,2.81372132052,10.4036952884,1.0246975325,2.85089692122,19.6819062384,10.7267737728,9.80349654479,8.66357686504
DINACICLIB.GELDANAMYCIN,0.0,0.0,0.00494119942961,2.45450591069,10.6698066057,0.667274176477,4.15194164133,21.6402163785,16.4527008142,15.7387923312,15.3845589193
DINACICLIB.GEMCITABINE,0.0,0.0,0.00337189279775,2.95474113134,10.155828507,0.00174398015686,4.30432361045,18.031401764,13.6017952142,8.02363648386,8.12464364944
DINACICLIB.L778123,0.0,0.0,0.00420125674472,2.80255416436,9.95147735666,1.76544473055,3.02626555696,25.137109801,7.7690381163,5.79037973327,6.76532659081
DINACICLIB.LAPATINIB,0.0,0.0,0.00317182324379,3.07865245608,9.63232980845,2.18335248072,3.60916678863,27.367208567,12.8208926863,11.9277193209,10.8975084195
DINACICLIB.METFORMIN,0.0,0.0,0.00436711484068,2.59515315875,9.56524387412,122.606987526,3.73980250965,10.2792325164,8.14797539892,8.3142764864,8.39227152708
DINACICLIB.METHOTREXATE,0.0,0.0,0.00344395232371,3.37815956239,11.8119166167,0.042634180139,3.73712753516,30.9292320331,10.2020136366,10.2959712738,9.06561486447
DINACICLIB.MITOMYCINE,0.0,0.0,0.00337521425826,2.82545014457,8.62877082107,0.133402599987,0.485873611034,16.0280339532,11.7602938703,11.5108686753,10.8120113865
DINACICLIB.MK-2206,0.0,0.0,0.00348193420691,2.85643269185,10.0421344805,1.31872196967,3.07327590378,30.3328340924,11.7669026563,12.6161420778,8.16286998225
DINACICLIB.MK-4541,0.0,0.0,0.00347175773394,3.14376701519,8.00255631245,1.32087323023,4.45372451202,8.0792714052,8.16269073066,8.14403930793,7.99055009585
DINACICLIB.MK-4827,0.0,0.0,0.00307932517097,2.75425318895,10.3235884567,3.40789401169,4.17749763149,20.2893792499,8.98031055547,10.1663129012,9.28554437904
DINACICLIB.MK-5108,0.0,0.0,0.00323303526878,2.90193357938,9.81051344584,0.59824969062,3.95059521155,28.135385253,8.3689192272,7.62501964716,6.62826861049
DINACICLIB.MK-8669,0.0,0.0,0.00325999603702,2.50064805335,10.594475785,0.199766338189,3.97555027746,18.3519677164,10.0957567533,10.1256517529,11.4874171208
DINACICLIB.MK-8776,0.0,0.0,0.403694495833,2.98489743303,25.8334464753,0.00329033107535,2.46020591692,10.3271553539,14.6051475674,11.3637092266,9.52888376689
DINACICLIB.MRK-003,0.0,0.0,0.00333393179427,3.15829847389,9.91490327159,3.2381089741,3.79236387191,23.1838603492,7.79831068308,8.39779341256,7.20612331761
DINACICLIB.OXALIPLATIN,0.0,0.0,0.00272238254398,2.42412030019,10.2225137359,6.17305284711,3.68014356705,18.2672927815,9.34699097728,10.8532571274,7.76511653865
DINACICLIB.PACLITAXEL,0.0,0.0,0.00247088620462,3.3464182261,9.11804107502,0.00549643340311,3.36797280072,16.2004797624,17.405789329,12.2883652726,12.4569950324
DINACICLIB.PD325901,0.0,0.0,0.004155776957,2.50181274245,9.35651087963,0.324675623982,0.771578993112,28.4731987435,12.003098316,11.942622246,9.76986831604
DINACICLIB.SN-38,0.0,0.0,0.00343396982021,2.90151121208,8.51725630159,0.00164969355133,3.71864491944,25.6955831053,7.9279953307,7.34266677184,7.86272306356
DINACICLIB.SORAFENIB,0.0,0.0,0.00276953849945,2.71363840573,10.7978004523,3.3292242954,3.02273236578,9.61336714092,8.67797745532,9.03869150306,8.57856913675
DINACICLIB.SUNITINIB,0.0,0.0,0.00262201553538,3.14105421393,8.53495979762,1.35775560249,3.72662829784,32.3538216762,6.73370842884,6.34539355043,5.4097447636
DINACICLIB.TEMOZOLOMIDE,0.0,0.0,0.00270412486949,3.2529060507,9.78116064423,57.439457263,4.79639422287,19.7733009794,23.6016438494,20.8585108224,22.8085886257
DINACICLIB.TOPOTECAN,0.0,0.0,0.00310718408409,2.57680000326,10.0596297521,0.092668678208,0.333993568925,13.9039785485,9.91026496624,10.0125364039,9.13348099
DINACICLIB.VINBLASTINE,0.0,0.0,0.00349895480478,2.39454973584,10.6246680205,0.01095408146,4.24977277622,17.4934649969,10.2925123202,12.1503714397,11.773597168
DINACICLIB.VINORELBINE,0.0,0.0,0.00343028128452,3.26995920244,10.4446882911,0.0080376139601,3.96819401285,15.6256949787,19.1172078573,14.3430434795,12.64872304
DINACICLIB.ZOLINZA,0.0,0.0,0.00295696010037,2.29532272252,9.26844302876,0.801617811336,3.70590858885,15.282412452,9.29207267836,8.31072154165,7.59877165692
DOXORUBICIN.ERLOTINIB,0.0,0.0,1.87001642322,3.84842005742,23.5280191149,0.0310040426991,2.42919659293,12.3627901795,12.6179119246,12.9239088802,13.1276175341
DOXORUBICIN.GELDANAMYCIN,0.0,0.0,0.710388183283,3.98917938139,20.846680888,0.026670447882,2.49759412802,13.8615847828,11.773831294,14.7752813681,10.2638028953
DOXORUBICIN.L778123,0.0,0.0,1.74580236619,3.2168883465,28.0192829493,0.0273917262509,0.535557615417,12.6139901218,13.1496673242,11.4481073332,12.380604396
DOXORUBICIN.LAPATINIB,0.0,0.0,2.23402223907,2.9546567126,30.4418532502,0.0310127778177,2.40813088519,9.86436871979,11.8249336375,11.9799955358,11.4842878571
DOXORUBICIN.MK-2206,0.0,0.0,1.25805124815,3.48646756742,27.5395199847,0.0299949995201,0.509498615917,12.4668660994,9.27405082201,10.3518738099,10.7545590169
DOXORUBICIN.MK-4541,0.0,0.0,0.0301536545801,2.49523788352,9.22132960677,1.39689432455,4.57968439268,8.04944146481,9.16399522793,9.04282381203,9.25466290293
DOXORUBICIN.MK-4827,0.0,0.0,3.55598687039,4.10241810179,23.4667820268,0.0305561549611,0.498071151526,14.130459101,8.09351995628,11.3138024176,8.65301027951
DOXORUBICIN.MK-5108,0.0,0.0,0.58727344605,3.68644967623,28.7970898412,0.0297470946367,1.79055347517,13.9123547494,9.62744187952,10.0947860846,8.46945518872
DOXORUBICIN.MK-8669,0.0,0.0,0.271424198891,4.13594484053,19.1276946549,0.0314124291234,1.75188146405,11.6753645683,11.7524879475,13.7495751698,11.9771887338
DOXORUBICIN.MK-8776,0.0,0.0,0.41485730267,3.02614766027,24.4623146917,0.031611812389,2.43110305037,13.7496548757,15.3979534788,15.8483987109,17.0822087958
DOXORUBICIN.MRK-003,0.0,0.0,0.0308484337182,2.31038293937,11.8939792543,3.02891544282,3.51475839474,27.6212829641,10.3606752773,11.805866056,10.5610900586
DOXORUBICIN.PD325901,0.0,0.0,0.319992626287,0.752391472802,29.525427118,0.0316790276104,2.37710956795,13.4978812311,13.0515371293,15.3281182467,13.3201121198
DOXORUBICIN.SORAFENIB,0.0,0.0,3.38094653883,3.1468302992,9.63244723785,0.0301936055806,1.93492360595,14.4654784654,8.28587665101,7.25823242399,7.11578868112
DOXORUBICIN.SUNITINIB,0.0,0.0,1.4301896227,3.2219044481,28.481710677,0.0296386430349,2.59008655343,14.4266941369,4.08562500822,5.5646355208,5.12818911418
DOXORUBICIN.TEMOZOLOMIDE,0.0,0.0,79.0278583232,4.519154524,22.8490471451,0.0310290244955,1.78830452495,13.8630189232,6.93648481939,11.7069040204,7.30940933783
DOXORUBICIN.ZOLINZA,0.0,0.0,0.516191786559,3.7201950925,16.0095362377,0.0321757394631,2.39755185904,11.6148803756,10.4331406318,11.0085563658,10.942906154
ERLOTINIB.ETOPOSIDE,0.0,0.0,1.9028968517,3.99314401258,25.6196374483,0.999323140634,3.24614030896,18.5014266528,20.9141320761,17.7063433859,16.8553726023
ERLOTINIB.GELDANAMYCIN,0.0,0.0,0.699187508944,3.92608910644,16.6133686587,1.97145232682,4.14925115587,25.3048494471,19.2630770683,21.8439472064,18.1463303263
ERLOTINIB.GEMCITABINE,0.0,0.0,1.75132426398,3.88995155758,23.5142254924,0.00174548880542,4.21065162418,17.8011750048,15.3530945549,11.4434750614,12.2823403485
ERLOTINIB.L778123,0.0,0.0,2.03614339831,4.21762614333,24.4830287475,1.77243963926,3.54755053927,23.75391042,12.2776371933,14.9195738595,12.5871077142
ERLOTINIB.LAPATINIB,0.0,0.0,2.02959744477,4.40570197627,25.3945717349,2.22508289608,3.98581029327,32.5259416223,39.6249731651,45.1769964442,40.3086955629
ERLOTINIB.METFORMIN,0.0,0.0,1.87646206556,4.16514686778,25.843501694,123.86660393,4.55089419942,11.7366685861,9.29253024803,8.55026819107,9.76878256389
ERLOTINIB.METHOTREXATE,0.0,0.0,2.00280750273,4.42082479419,26.853853835,0.0401360311783,3.68241713305,29.0284860537,10.9239297228,16.1025504818,12.1149877796
ERLOTINIB.MITOMYCINE,0.0,0.0,1.99006834339,4.28608042733,27.5466212132,0.147495628973,0.38974040653,16.4326252447,26.9969375763,24.1003493877,28.860153834
ERLOTINIB.MK-2206,0.0,0.0,1.9113138798,4.19560013535,23.8053219222,1.40501785793,3.35112457328,26.4914820169,22.6632585791,20.7688863866,24.3586942121
ERLOTINIB.MK-4541,0.0,0.0,1.89886388617,3.85855999729,25.289567431,1.39969574004,4.6709744525,8.48719596454,21.9543094805,21.9926661915,22.9435033134
ERLOTINIB.MK-4827,0.0,0.0,1.87262100527,4.23666102244,26.0831804657,3.22663478577,4.18011171828,24.2765930882,12.9628080228,14.8795378822,14.0576462404
ERLOTINIB.MK-5108,0.0,0.0,1.98451712489,3.61829974639,24.1566110523,0.627163225857,3.8124205598,28.7991531805,11.0374488279,12.663108582,11.6497952409
ERLOTINIB.MK-8669,0.0,0.0,0.271441993107,4.01609104346,19.7739275387,1.95362905547,4.15587911681,26.7751624758,36.4180123285,37.7591694784,37.0934819698
ERLOTINIB.MK-8776,0.0,0.0,0.542549046249,2.74600885074,22.3729708675,1.84000204867,3.06003223933,26.2200313489,11.3376036407,16.694384495,11.8966585667
ERLOTINIB.MRK-003,0.0,0.0,1.85549499063,4.02444743395,25.2267434705,3.03629984079,3.83884364494,29.699230199,12.1414198208,11.788836662,12.9996171441
ERLOTINIB.OXALIPLATIN,0.0,0.0,6.75479822076,3.18036191425,19.3721423783,1.91394007608,3.90756473815,25.7499603588,13.9464812282,13.2714355103,13.9356981416
ERLOTINIB.PACLITAXEL,0.0,0.0,1.94151331929,3.89011682844,26.607163213,0.00504105196125,3.6150302645,14.2984294038,24.8932375854,26.028649301,23.4098737047
ERLOTINIB.PD325901,0.0,0.0,0.210847940876,0.733751927952,25.9376340133,1.94546155655,4.2087811754,21.693770557,14.1902299586,16.9580356075,13.5699545416
ERLOTINIB.SN-38,0.0,0.0,0.00163034367729,4.05987125042,24.4736902497,1.81110799,3.86735844162,23.8445609719,15.2736245075,18.186344553,16.1559330822
ERLOTINIB.SORAFENIB,0.0,0.0,3.36503689568,3.21089780017,8.59614109363,1.94702617078,4.29751236506,26.050356001,9.91077330037,10.9702141364,9.38438830151
ERLOTINIB.SUNITINIB,0.0,0.0,1.79522212118,4.2144683446,27.2645771241,1.43361008643,2.51396618375,26.7932497661,6.65149206237,9.12610561007,7.160194696
ERLOTINIB.TEMOZOLOMIDE,0.0,0.0,1.95900533255,4.18215234374,24.0829199017,70.8401851725,4.56841648769,22.8393844003,17.0303109742,16.4335641345,18.1395351188
ERLOTINIB.TOPOTECAN,0.0,0.0,0.0804022421043,0.283841736003,13.9263341822,2.01522792863,4.26004927697,26.506882495,16.2265209227,20.5915938033,15.1594328986
ERLOTINIB.VINBLASTINE,0.0,0.0,1.83012722313,3.89288032274,24.9826907024,0.0106452112818,4.13826757625,15.366855471,21.4704540443,31.2167570849,27.0900531725
ERLOTINIB.VINORELBINE,0.0,0.0,1.9937513136,4.176948668,25.9930670568,0.00771081583175,3.6731914704,14.7833091258,26.6159448449,22.8620730771,23.7009504446
ERLOTINIB.ZOLINZA,0.0,0.0,1.79888776452,3.54060541425,25.7101538803,0.795677300192,3.60700594001,14.1532377583,18.3343917305,17.7444458884,17.6652742316
ETOPOSIDE.GELDANAMYCIN,0.0,0.0,0.66795645132,4.01770437697,19.2724693017,1.00677951048,2.91635780462,19.1648387657,14.1661259841,17.9938687501,13.2459495728
ETOPOSIDE.L778123,0.0,0.0,0.99223158466,3.13362557854,19.7416546065,1.74860029301,3.55971649587,25.9844395968,12.8139623674,14.2864684053,13.3611487247
ETOPOSIDE.LAPATINIB,0.0,0.0,2.21855737972,3.24549676464,29.0083588797,1.07369808287,3.41869154298,20.005654677,19.7466477942,21.5988231391,18.6182047155
ETOPOSIDE.MK-2206,0.0,0.0,1.33630773554,3.51694324903,27.7568452462,0.847587716328,2.97767275776,19.2906378594,44.3147505141,45.0028896998,45.4489050049
ETOPOSIDE.MK-4541,0.0,0.0,0.710122906361,3.03670875203,18.0667314616,1.57350654519,4.71472097116,7.80468894657,19.6586032948,19.0162260419,20.0063643316
ETOPOSIDE.MK-4827,0.0,0.0,3.54179621539,4.19548601732,19.4491125565,1.04165961111,2.45480865131,19.1200868227,34.657023294,36.0254474899,35.2142201338
ETOPOSIDE.MK-5108,0.0,0.0,0.564897596037,3.74240861938,26.0857735145,1.02531163456,3.18451997606,19.3934311626,16.4294269583,19.0156132519,14.9535902005
ETOPOSIDE.MK-8669,0.0,0.0,0.229159583145,3.85780489555,17.0899308158,0.873408413565,3.22426699336,20.0131830262,14.902927958,20.9332995,15.0561617364
ETOPOSIDE.MK-8776,0.0,0.0,0.400679710848,2.97043171815,26.8485625682,0.903998373261,3.51085824115,18.3927541401,21.3525307089,21.4292156258,22.1464768012
ETOPOSIDE.MRK-003,0.0,0.0,0.96023861256,3.38280762728,19.1072708172,3.10723685696,4.04640069208,26.2614436043,34.8905385171,35.4973840973,34.9876139883
ETOPOSIDE.PD325901,0.0,0.0,0.337832317504,0.762790358215,27.0323880418,1.00177144916,1.8123214326,19.5480746963,14.5369802198,17.4379111072,14.4684853787
ETOPOSIDE.SORAFENIB,0.0,0.0,2.96346371781,3.36274387604,9.33269208726,0.956659487856,3.01184569188,19.0763664263,26.4205891361,26.0898050354,25.4649821877
ETOPOSIDE.SUNITINIB,0.0,0.0,1.47142788658,3.27256760146,28.6701723268,0.844676699493,2.62046006454,19.6508420746,6.95809390448,10.1193450616,7.8166883139
ETOPOSIDE.TEMOZOLOMIDE,0.0,0.0,56.0468258259,4.48314929755,20.9373668204,1.09670990735,3.4704911522,19.6739552284,10.750437217,11.1100761193,11.6795942234
ETOPOSIDE.ZOLINZA,0.0,0.0,0.611616812643,4.16109711477,17.1101697085,0.674901335064,3.65953488362,19.768302976,18.0196759844,18.4072632122,16.4970448628
GELDANAMYCIN.GEMCITABINE,0.0,0.0,0.682556581053,4.07139607299,17.5654657504,0.00167092577914,4.08849004941,17.8372162605,14.467300257,11.1137576636,10.8493953641
GELDANAMYCIN.L778123,0.0,0.0,0.708361350821,3.95864650981,21.3377351855,1.84220939082,3.30040273081,21.9926541132,9.61816721453,10.3147227041,9.61959341597
GELDANAMYCIN.LAPATINIB,0.0,0.0,0.631800779955,4.04713048252,19.4877998435,2.06550173279,4.12554169362,28.8091084516,15.9150478434,17.5433554891,13.4630314974
GELDANAMYCIN.METFORMIN,0.0,0.0,0.611631968268,3.97741322749,20.6708228992,119.773894206,4.38810595846,10.4768593615,10.8849623894,9.1742027274,8.97655868738
GELDANAMYCIN.METHOTREXATE,0.0,0.0,0.453372890737,3.92778450316,19.9237809449,0.0429596945417,3.59719514958,29.1644536169,12.4068502513,13.9784618374,11.1226482451
GELDANAMYCIN.MITOMYCINE,0.0,0.0,0.637261194467,4.00738894038,19.9445869339,0.144217428707,0.500932617133,16.3209873948,15.2041759185,19.5897367729,14.2772200436
GELDANAMYCIN.MK-2206,0.0,0.0,0.6586306591,4.04962864418,20.5326318696,1.44890802325,3.37446997324,29.1203190456,18.9594474547,20.3413934007,16.7309069427
GELDANAMYCIN.MK-4541,0.0,0.0,0.583631265677,3.94442761542,19.3271977327,1.47546988171,4.51989559692,7.18633796438,13.4676463121,13.6588210084,13.7386477876
GELDANAMYCIN.MK-4827,0.0,0.0,0.624049626093,4.0651426775,22.1742517913,3.38711326068,3.98740422095,23.1266969521,44.7766881583,46.1608918887,45.9965402346
GELDANAMYCIN.MK-5108,0.0,0.0,0.571815581942,3.98180635866,19.836165367,0.572014244509,3.99855022121,28.3261997067,11.9727091483,11.3215813931,10.8594695621
GELDANAMYCIN.MK-8669,0.0,0.0,0.666356837575,3.99546401728,21.1250160109,0.203838125509,4.21687813054,13.8616149178,16.0898932311,18.1393849444,17.7489814021
GELDANAMYCIN.MK-8776,0.0,0.0,0.438501592024,3.00247907195,23.0089832743,0.659013012101,3.98738786677,21.1595653054,68.0468498398,70.3381645579,66.7647221575
GELDANAMYCIN.MRK-003,0.0,0.0,0.72837692203,3.96048213488,20.6654352824,2.76933601019,3.57106227537,30.1094025861,10.1231146667,11.2664706201,11.1230347314
GELDANAMYCIN.OXALIPLATIN,0.0,0.0,8.00592037612,3.30310620559,18.6803592393,0.680581843939,4.01101183482,22.7354476211,13.9136179578,16.8215819769,16.3900030923
GELDANAMYCIN.PACLITAXEL,0.0,0.0,0.727145424532,3.89943085623,18.362282502,0.00519761340036,3.04575894627,14.4868620257,18.9399234337,16.4658173646,13.7176557095
GELDANAMYCIN.PD325901,0.0,0.0,0.713387173807,3.93982081753,15.3303189555,0.295066981909,0.622265734945,26.604801862,17.3263956001,17.7797014253,17.9541932176
GELDANAMYCIN.SN-38,0.0,0.0,0.00166228745139,3.96924858846,25.2688797837,0.588166473945,4.01591388212,21.5392432423,13.559572004,17.0051231549,15.2853923953
GELDANAMYCIN.SORAFENIB,0.0,0.0,3.68694048617,2.83940407677,8.17731346472,0.650191047508,4.03514041017,22.1095138989,12.5607093921,12.4197642214,12.8717170073
GELDANAMYCIN.SUNITINIB,0.0,0.0,0.620656241,3.91403901452,20.0640471054,1.35100938778,2.89330201436,23.2970913066,11.1708527508,12.8283391778,11.4419013202
GELDANAMYCIN.TEMOZOLOMIDE,0.0,0.0,0.646087057765,3.92522809259,17.7311817462,74.615193758,4.8278430657,23.2004414236,18.8229686241,16.4218041296,21.0634633905
GELDANAMYCIN.TOPOTECAN,0.0,0.0,0.0913845606582,0.329180226188,12.6518256073,0.662550763721,3.96908765294,18.8712824106,16.3261844667,17.9426118299,16.0233913893
GELDANAMYCIN.VINBLASTINE,0.0,0.0,0.657491129706,3.97111532561,22.0273146301,0.0129565244141,4.16253442851,17.08509417,16.1829627377,21.5397472221,19.4786381245
GELDANAMYCIN.VINORELBINE,0.0,0.0,0.702883579105,3.97575862162,20.8591706733,0.00813606921672,3.84077375122,14.4729644299,66.4795571057,63.8122704913,62.848851601
GELDANAMYCIN.ZOLINZA,0.0,0.0,0.664085489876,4.02183294839,21.1705466418,0.829603299721,3.55139691541,14.8157701008,21.468066516,17.9042395605,16.3786372498
GEMCITABINE.L778123,0.0,0.0,0.0016345828777,4.12174180103,16.9089567542,1.63277475309,3.8074024051,23.9158835559,8.50677892385,8.4969332434,7.93015330313
GEMCITABINE.LAPATINIB,0.0,0.0,2.17902235515,3.54790486848,27.3058073437,0.00165299411836,4.21774708736,17.1293697474,16.2982306577,13.9520973861,14.3971688492
GEMCITABINE.MK-2206,0.0,0.0,1.47032429892,3.33878648398,28.0942850538,0.00161906435022,3.80511648912,18.457327023,12.3750246193,9.5538922677,10.7302806682
GEMCITABINE.MK-4541,0.0,0.0,0.00184606104924,3.43757028193,14.5746933875,1.42787595482,4.52180654119,7.6163581802,13.8504188868,13.0415504215,13.7271477804
GEMCITABINE.MK-4827,0.0,0.0,3.75006924087,4.2142062566,18.0647729319,0.00173939601741,3.99622313247,17.1714317521,10.0804341836,11.3239250043,8.5304804328
GEMCITABINE.MK-5108,0.0,0.0,0.664924560648,3.97890814117,23.949874512,0.00170633492624,4.27102886833,18.8084640868,8.0619453265,7.68803913032,6.52327513642
GEMCITABINE.MK-8669,0.0,0.0,0.22338789604,3.47729847785,17.0871295127,0.00173511277193,4.0201558781,17.4184361555,9.14412284624,10.7350894142,8.95037849794
GEMCITABINE.MK-8776,0.0,0.0,0.424850068529,2.88127585492,24.5284606028,0.00158040847385,4.17050936065,17.9316768398,15.6168847153,19.337442633,16.3132812796
GEMCITABINE.MRK-003,0.0,0.0,0.00162202270898,3.98456142273,15.8754378947,3.14806940233,3.79172350401,32.7189475225,8.14686952068,8.27160471661,7.11620714883
GEMCITABINE.PD325901,0.0,0.0,0.359883611509,0.645798887163,28.5365801926,0.00163771918251,4.0071876207,16.4470550077,12.0949683479,11.1037051718,11.1309414247
GEMCITABINE.SORAFENIB,0.0,0.0,3.41866937146,3.19180327311,9.59544926047,0.00167096777702,3.97591480447,17.7868900006,7.3202389191,5.78666646386,5.62813699845
GEMCITABINE.SUNITINIB,0.0,0.0,1.50289791625,3.25398584374,30.1022525237,0.00177690486085,4.06840477049,18.1347426253,5.43288448772,5.77637261106,5.24545475481
GEMCITABINE.TEMOZOLOMIDE,0.0,0.0,76.6833236931,4.74988959291,18.2161841849,0.00117689176569,4.20577561116,18.1709966417,9.71876465163,10.5489557816,9.28106612984
GEMCITABINE.ZOLINZA,0.0,0.0,0.00170997218563,3.88845149464,16.8843374809,0.603178394627,3.76837382084,16.4752107013,15.928164042,11.9918616217,11.6907076532
L778123.LAPATINIB,0.0,0.0,2.15387298978,3.86824458403,27.8938376633,1.62855432566,3.29664376579,25.2359156756,7.70451672509,10.0768033475,8.55161020395
L778123.METFORMIN,0.0,0.0,1.87517217736,3.74139334901,22.4825576515,121.649154018,4.24152322786,11.8688665721,5.16454368517,5.56226897786,5.37488619305
L778123.METHOTREXATE,0.0,0.0,1.79918314745,3.29409922661,23.8153182749,0.0411701827223,3.58782836606,25.4766987523,6.53552634961,7.20716288415,6.03710431196
L778123.MITOMYCINE,0.0,0.0,1.74981049693,3.3533505754,24.4255748458,0.146218812673,0.486809454988,16.4215900157,12.4704613425,12.2304307825,13.2806641183
L778123.MK-2206,0.0,0.0,1.34690931157,3.47031773547,30.9732602187,1.74671083721,3.70994861828,25.5982590452,10.545025709,11.4879618928,11.1849680904
L778123.MK-4541,0.0,0.0,1.76697914744,3.33056711465,23.6394161788,1.49413458234,4.67450394575,6.97557961812,8.06943661993,8.41871420539,8.1453722194
L778123.MK-4827,0.0,0.0,3.45661894387,3.9302821123,24.3605980418,1.79574646014,3.31475400369,24.4967536732,17.6333467886,18.3027299771,17.6099010183
L778123.MK-5108,0.0,0.0,0.636134821018,3.66509388671,29.9050124828,1.78253635621,3.658762332,23.8223755299,11.7136561217,14.2450952288,11.0732889949
L778123.MK-8669,0.0,0.0,0.212915270644,4.0891113487,16.0718145091,1.76072373955,3.85805085122,22.2651298345,10.4834096494,11.6921065071,11.5452528797
L778123.MK-8776,0.0,0.0,0.380927127672,2.72546318692,24.9214900367,1.5976812774,3.09764605537,27.1295149423,27.1359982332,26.854341604,26.6426106632
L778123.MRK-003,0.0,0.0,1.82500545572,3.5804556469,23.0813233971,2.82027939612,3.64949825936,28.9088750625,6.31345816991,7.34058126425,6.95438727624
L778123.OXALIPLATIN,0.0,0.0,6.73712516523,3.9319189702,19.6148822703,1.73377245782,3.16292569928,25.2106856121,9.5118031124,11.2687232425,10.6089438141
L778123.PACLITAXEL,0.0,0.0,1.75089702406,3.60060069267,23.4096696443,0.00547964994174,3.63459130665,15.5610531289,11.676529759,12.7148465578,10.9852936407
L778123.PD325901,0.0,0.0,0.289601550498,0.755888501761,27.1511472626,1.82633211714,3.19911766057,27.166597809,11.9816572584,11.6674501416,12.628401163
L778123.SN-38,0.0,0.0,0.00162699561762,4.03580190258,26.1608413966,1.74519063101,3.64820201278,24.4196937407,10.1909519376,11.1786549609,11.2152139223
L778123.SORAFENIB,0.0,0.0,3.51741009164,3.07764762918,8.2353581271,1.73338403564,2.02450515133,22.3994867978,9.14594326698,9.66369220416,8.79790830486
L778123.SUNITINIB,0.0,0.0,1.2462614467,3.37036902863,28.2582708352,1.74943106108,3.04971762302,25.5323257105,5.69104461058,8.17699639843,6.59734558125
L778123.TEMOZOLOMIDE,0.0,0.0,69.7923854934,4.82972170614,18.8322233612,1.76761397957,3.10712265725,26.4707417285,11.271576082,9.41570971374,10.7185350883
L778123.TOPOTECAN,0.0,0.0,0.0957952017383,0.330075116044,12.0884648781,1.77112713606,3.82933909443,27.5624341501,11.7503346057,14.5789548903,12.478805943
L778123.VINBLASTINE,0.0,0.0,1.7259110527,3.04607934078,22.6488284559,0.0130393075491,4.12501401141,16.3536103078,18.1494210704,19.3124595912,18.4386384275
L778123.VINORELBINE,0.0,0.0,0.0079971202688,3.92398197394,14.5793258151,1.75449581021,3.54256214501,23.8464153231,21.6289715791,24.5038647806,22.5972665526
L778123.ZOLINZA,0.0,0.0,0.750433661864,3.7914247895,15.551235576,1.73531298957,3.50147336903,24.3054790358,12.7734858483,13.857888975,13.6177175066
LAPATINIB.METFORMIN,0.0,0.0,1.93913019039,3.95731048639,27.4526356651,124.088012241,4.12906140704,9.43753368685,8.64132659138,9.4427233587,8.78423777461
LAPATINIB.METHOTREXATE,0.0,0.0,2.27882657598,3.85750495766,26.2972824527,0.0425823534462,3.70412726463,29.0161644136,11.4955785061,12.3517454736,9.12611340744
LAPATINIB.MITOMYCINE,0.0,0.0,2.12037590917,4.06445183817,32.0386902557,0.114215854218,0.520017676601,16.540749775,9.94834091483,10.6834598449,11.2000753635
LAPATINIB.MK-2206,0.0,0.0,1.44612268297,2.88010666694,29.2596323384,2.19605798059,3.39239161527,31.8132487408,24.6925180197,26.4240136738,25.4555133113
LAPATINIB.MK-4541,0.0,0.0,2.04785518626,3.19125328802,31.8152394609,1.5350683118,4.6932575138,7.09013433987,15.4118857319,15.4984734072,16.5895580285
LAPATINIB.MK-4827,0.0,0.0,3.46182693146,3.58006513763,22.6263570399,2.13253189944,3.75844872909,27.364258165,13.1074160699,16.3489858901,13.4741724331
LAPATINIB.MK-5108,0.0,0.0,0.648363713148,4.19166737406,28.9763655081,2.22181805312,2.81203363301,34.1017296054,9.11556270591,13.4874462254,9.15954570784
LAPATINIB.MK-8669,0.0,0.0,0.208293749025,4.13386731853,19.4670211212,2.17801743723,3.12032761517,30.0384454507,22.1814344812,23.1647804977,22.3275399764
LAPATINIB.MK-8776,0.0,0.0,0.393081299274,2.70608184922,25.1613465138,2.09276068569,3.68182865058,28.4716307808,12.5075925931,15.3957838667,12.2395777258
LAPATINIB.MRK-003,0.0,0.0,2.18233751906,3.8879113114,25.5819632995,3.12120562062,3.75716083067,26.2735384366,11.346466545,13.5282049897,11.2527118285
LAPATINIB.OXALIPLATIN,0.0,0.0,7.17315483063,3.30166103299,19.6083601304,2.23628564496,3.53837310327,29.8857280109,11.710578342,13.4663041412,12.9860556229
LAPATINIB.PACLITAXEL,0.0,0.0,2.20283359721,3.07771023105,29.0972787874,0.00561927167591,3.85115661339,16.4165343192,35.8863606318,35.1874293596,31.8057214921
LAPATINIB.PD325901,0.0,0.0,0.337730531882,0.699817965718,27.7502958392,2.13597527587,3.71113710091,26.3589265901,19.9395071476,18.9963872771,20.6800967672
LAPATINIB.SN-38,0.0,0.0,0.00170571421373,4.12025548322,25.9905635944,2.18378304182,3.5122765109,28.5999687475,20.267721195,23.2975743226,21.0284721852
LAPATINIB.SORAFENIB,0.0,0.0,3.35507815927,3.09540691173,9.27995675651,2.0197755794,3.98756609314,29.7437381146,11.6613320514,12.0797450467,10.9351088121
LAPATINIB.SUNITINIB,0.0,0.0,2.24390586644,3.42369009384,27.8794735644,1.34977366515,3.13996231659,27.447468827,8.37573038335,9.33943489477,8.43210893387
LAPATINIB.TEMOZOLOMIDE,0.0,0.0,1.9915529909,3.95981363913,29.4603567916,80.2434719084,4.63013258936,21.8886189987,12.2416989788,14.8906977612,14.552042391
LAPATINIB.TOPOTECAN,0.0,0.0,0.0956571541797,0.341971352169,12.3455975971,2.25293089661,3.5509070937,25.0205173833,14.3669309953,16.3743449103,15.0311597989
LAPATINIB.VINBLASTINE,0.0,0.0,2.25149102672,3.36201925261,27.523537208,0.0113486328153,3.6675905246,14.2682156817,18.6221364677,25.7616414098,19.2608190947
LAPATINIB.VINORELBINE,0.0,0.0,2.20783182283,3.62038539784,26.4259231777,0.00748204276413,3.87545520305,15.0388084617,28.8624821778,28.2025563678,26.6175908101
LAPATINIB.ZOLINZA,0.0,0.0,2.21331763607,4.04760827789,35.2137099881,0.886315884445,3.82644219502,14.260164637,23.4609334312,22.9680469243,21.5476461433
METFORMIN.MK-2206,0.0,0.0,1.45756647951,3.0821908683,27.3771277239,119.006272119,3.73192780377,9.03884413964,6.0156147879,6.49599412749,6.07707975356
METFORMIN.MK-4541,0.0,0.0,120.473312736,4.12580480865,10.5739802206,1.48523535507,4.76582929194,8.9955561266,12.4935932551,13.3006536302,12.3187628425
METFORMIN.MK-4827,0.0,0.0,3.39535647522,4.12675976273,25.3056528741,126.149078475,3.96147082427,10.3025528612,6.85775314593,7.03422472538,6.04988716668
METFORMIN.MK-5108,0.0,0.0,0.647313292014,3.96520313815,23.5249564723,123.884621385,4.35540697543,8.39798771398,7.16385145007,7.92399814363,7.03769864115
METFORMIN.MK-8669,0.0,0.0,0.199784408989,4.10541995489,18.7000094595,121.115522012,4.17088895566,10.8381821064,10.4839833564,11.2104800713,10.4991762084
METFORMIN.MK-8776,0.0,0.0,0.776062751087,2.9783520976,24.2905090114,121.115522012,4.39828603194,9.53088734118,7.91804052343,8.7050825793,8.42074788254
METFORMIN.MRK-003,0.0,0.0,125.796332099,4.03313837974,10.237741086,3.1120460165,4.01308980011,26.3610700851,5.67981810202,6.0430379221,5.75408175106
METFORMIN.PD325901,0.0,0.0,0.297344008256,0.768784517078,28.8641353269,121.751346876,4.57490983652,11.2596221328,11.361626256,12.5009772402,11.4533498028
METFORMIN.SORAFENIB,0.0,0.0,3.32760732322,3.39824254309,9.20447240078,123.501562745,4.12527916279,10.3104117952,8.93813312805,9.16707136175,8.93773603502
METFORMIN.SUNITINIB,0.0,0.0,1.39344994157,3.22665231932,28.1183770719,117.202153999,4.52479098439,8.17431112607,6.1462283152,6.34551379769,6.09327228452
METFORMIN.TEMOZOLOMIDE,0.0,0.0,65.2750821717,4.6572484835,20.0797510897,124.01121362,4.23695655462,9.75477587233,5.96870365595,6.1969768336,6.10183940688
METFORMIN.ZOLINZA,0.0,0.0,0.826422024202,3.71231328777,15.4033024827,117.143655988,4.2256650345,11.2794123805,13.2124250327,13.958008589,13.1960257546
METHOTREXATE.MK-2206,0.0,0.0,1.27915185259,3.18552868811,29.3878848817,0.0392176918626,3.69149925977,27.897850845,11.8884930243,14.4269711711,9.35605158639
METHOTREXATE.MK-4541,0.0,0.0,0.0401247430316,3.74742192121,24.811075506,1.4684383188,4.51060479968,8.37876531623,8.18000806373,8.46358250777,8.03128972932
METHOTREXATE.MK-4827,0.0,0.0,3.71506618342,3.95042780552,18.718478003,0.0397353545588,3.64337117482,27.9401010375,7.61027924771,9.15755320829,6.26415191486
METHOTREXATE.MK-5108,0.0,0.0,0.627868564942,4.23381397878,28.0159364777,0.0392205723693,3.63734967837,25.0055568642,8.74560756489,5.63260474899,6.60987412301
METHOTREXATE.MK-8669,0.0,0.0,0.235385334651,3.93813426001,12.1645683654,0.0418948888393,3.57660271379,29.6212188291,7.76744128607,10.0235821533,6.20637166687
METHOTREXATE.MK-8776,0.0,0.0,0.404196273914,2.62351261791,24.3247890167,0.0424475268569,3.73747328237,25.9349345435,12.2905500898,12.0598619691,11.0623712481
METHOTREXATE.MRK-003,0.0,0.0,0.0408059099021,3.63355219074,26.0908303369,2.83328414154,3.74321752721,27.6029415542,9.84015474979,8.03281341609,7.76883298068
METHOTREXATE.PD325901,0.0,0.0,0.353226358471,0.600932261782,30.0275746356,0.0410689562341,3.7180297306,23.8965145233,8.26415351227,10.0057725348,6.28513102194
METHOTREXATE.SORAFENIB,0.0,0.0,3.59825007798,3.40877189749,10.1039670141,0.0442284004812,3.80255438433,28.149733205,9.28192224188,8.7305697001,8.03124526304
METHOTREXATE.SUNITINIB,0.0,0.0,1.49488125189,2.7073759205,26.5276360098,0.0414976006834,3.51286972608,29.866090011,8.35174814604,5.9504674951,5.42101611201
METHOTREXATE.TEMOZOLOMIDE,0.0,0.0,59.0051102728,4.59278220448,19.0924175754,0.0416677655185,3.69487533424,26.4375953395,9.18288760847,9.60550926961,8.55975781826
METHOTREXATE.ZOLINZA,0.0,0.0,0.625053129832,3.93914588212,16.3809552174,0.039882179813,3.69184674413,28.7645411482,13.7814231694,7.16456852678,7.64281046829
MITOMYCINE.MK-2206,0.0,0.0,1.44920155497,3.29075329883,30.7634965235,0.125810914062,0.413635385821,16.5424144147,11.5251223862,15.7757489237,13.343340752
MITOMYCINE.MK-4541,0.0,0.0,0.131069806355,0.480403906868,15.7408599459,1.44855169476,4.50776143918,8.45209812181,13.40195183,12.1620771409,13.6437325285
MITOMYCINE.MK-4827,0.0,0.0,3.32829571782,3.86399173881,24.0886923077,0.13423226998,0.489507663511,15.1141055909,6.41558511314,13.9199293222,11.4142677466
MITOMYCINE.MK-5108,0.0,0.0,0.570055343125,3.90178888749,30.3282263386,0.140802267332,0.487330516545,16.9226068909,8.48880709609,11.1895254639,11.5535884084
MITOMYCINE.MK-8669,0.0,0.0,0.293856445269,4.43320169714,12.0228769978,0.120949835197,0.392674988365,16.4395981806,16.1379190445,19.0439417571,16.7635013362
MITOMYCINE.MK-8776,0.0,0.0,0.34283872056,2.73106248377,23.7041935642,0.149432388307,0.478628791602,16.5827469697,20.9654499729,20.2859798403,21.4595990206
MITOMYCINE.MRK-003,0.0,0.0,0.147283672253,0.515795130527,17.4871045999,3.21759346268,3.73404943691,26.2416033542,10.1140268902,11.3299766491,11.8893840495
MITOMYCINE.PD325901,0.0,0.0,0.210910700047,0.560220308415,25.9149464219,0.130393611937,0.525153471815,15.3860163899,11.2310969743,13.6189564325,13.6516616267
MITOMYCINE.SORAFENIB,0.0,0.0,3.36397311965,3.20208872691,9.62428103462,0.104282624574,0.394653661034,13.7596040503,23.1967533943,20.841646503,22.0901964325
MITOMYCINE.SUNITINIB,0.0,0.0,1.32640966702,3.36103238373,31.0508938046,0.15110327878,0.505294391861,16.8535298394,6.48329303005,8.63571516234,8.20926244238
MITOMYCINE.TEMOZOLOMIDE,0.0,0.0,56.153897235,4.59899093169,23.292108973,0.102959496454,0.321301501598,15.7405032817,8.8330533211,10.5288214584,11.3554119155
MITOMYCINE.ZOLINZA,0.0,0.0,0.734647672766,3.88700027156,16.8404077939,0.149639475593,0.48991480396,17.6633758925,11.4942292478,11.851200907,11.6650093117
MK-2206.MK-4541,0.0,0.0,1.42491459224,3.02380579577,31.7499451789,1.50990522647,4.41680140405,8.35435437848,14.0749521528,12.0894191501,14.351905694
MK-2206.MK-4827,0.0,0.0,1.42160050281,2.89198867525,27.7770871253,3.41782216117,4.29643483363,24.0729131194,18.7582243225,20.7948560615,19.1144215014
MK-2206.MK-5108,0.0,0.0,1.43774032676,1.90686768742,29.2065144295,0.594729014206,3.75223594451,28.8446508735,14.4411219213,18.0682807689,15.3235552117
MK-2206.MK-8669,0.0,0.0,0.28780178014,4.32628747907,16.7517823662,1.455103146,3.15363673588,28.2371716844,18.4664045748,22.5889911583,20.0749814602
MK-2206.MK-8776,0.0,0.0,0.435010060683,2.82218818489,26.4121691327,1.34185083165,3.14827450407,23.4203097868,12.1709106956,12.3905681638,11.6963321161
MK-2206.MRK-003,0.0,0.0,1.31923290707,3.33083141972,30.0721586933,3.10009152711,4.08731828116,29.0620898015,10.0022387281,11.022450865,10.4150711019
MK-2206.OXALIPLATIN,0.0,0.0,6.73082368157,3.84902348981,19.2460809616,1.39154273513,3.28312277163,30.0936827551,10.6305665142,12.4296449587,9.95959977878
MK-2206.PACLITAXEL,0.0,0.0,1.08756407662,3.51568547687,29.1753582118,0.00567455295992,3.73929100264,16.8777098296,20.9272827653,24.329714581,20.5288085182
MK-2206.PD325901,0.0,0.0,0.350101506303,0.510451244772,26.6900503618,1.29617068156,2.73006924272,30.4965332566,25.6094393119,23.8724835111,27.2554305524
MK-2206.SN-38,0.0,0.0,0.00164105782232,4.26215027224,25.8586729864,1.49135049118,3.11794964292,28.541426762,12.0897498468,17.2947159361,12.7435357165
MK-2206.SORAFENIB,0.0,0.0,3.25475660602,2.98352431076,8.06340132249,1.42088646317,2.54342612637,25.2210790665,12.6912497851,13.0419097219,11.0945360427
MK-2206.SUNITINIB,0.0,0.0,1.27475156972,3.17891263462,28.7663033009,1.36024369833,3.2179380032,30.6292267361,10.1213478255,10.64713088,9.26114182513
MK-2206.TEMOZOLOMIDE,0.0,0.0,1.4626963904,2.76516887224,26.3672663324,73.4123142529,4.31730744838,24.0698967276,15.0401136579,12.4963627752,16.6755778518
MK-2206.TOPOTECAN,0.0,0.0,0.0896890126183,0.293941091454,12.100990909,1.49911422525,3.12822613992,27.1494132396,12.1236712988,14.2465552887,13.0703486783
MK-2206.VINBLASTINE,0.0,0.0,1.40991538562,3.26069774312,28.6806709886,0.0111943182957,3.98032972893,16.4652923144,13.5513541488,17.1043708701,14.7006743039
MK-2206.VINORELBINE,0.0,0.0,1.42903276709,2.96221356035,30.7980314286,0.00743436235357,4.06403072399,14.9239215605,23.8744349496,23.2044067059,20.2186215625
MK-2206.ZOLINZA,0.0,0.0,1.39626456022,2.97130951845,28.2644715679,0.811000760641,3.66041525076,15.0540352307,18.8418858175,18.9195496073,19.5158953229
MK-4541.MK-4827,0.0,0.0,3.28707674158,4.26530612122,19.0075424536,1.48818293267,4.37799364422,7.805077091,14.4799875504,15.0672071703,14.824261972
MK-4541.MK-5108,0.0,0.0,0.61174119287,3.83131929151,25.6960143817,1.46074597306,4.58902782339,8.07974898977,11.2042977631,12.088803126,10.4682730493
MK-4541.MK-8669,0.0,0.0,0.271435233045,3.86789813285,18.1214901963,1.47635792831,4.67557511905,7.68149939383,11.6629512585,12.1002859719,10.7379268898
MK-4541.MK-8776,0.0,0.0,0.415260280743,2.9968251986,21.6828357568,1.45003131817,4.71713644587,7.33138803046,9.80408373831,11.1484999015,9.66400868035
MK-4541.MRK-003,0.0,0.0,3.15187161962,4.03207066592,28.6992542305,1.49466974565,4.49181586807,8.19110502022,11.9296357563,13.0424230699,12.4136279856
MK-4541.OXALIPLATIN,0.0,0.0,6.56400390876,3.7973320553,20.2174552166,1.51329117541,4.60518282478,8.58734891879,13.181778931,13.689037006,13.7481683826
MK-4541.PACLITAXEL,0.0,0.0,0.00581196064271,3.33763113729,16.1454830676,1.37782094088,4.4133366066,7.45730256893,18.9579009424,19.0152554611,19.268356792
MK-4541.PD325901,0.0,0.0,0.0337596004909,0.640035325435,24.1671146488,1.45110253006,4.56874126485,8.51349656222,14.7558329234,15.3922310427,15.4128128734
MK-4541.SN-38,0.0,0.0,0.00166607255962,4.23149748025,25.0898037966,1.45647287101,4.69109834684,7.75604496907,12.4472562317,13.7494867371,12.6219218028
MK-4541.SORAFENIB,0.0,0.0,3.04311056638,3.12321728889,9.18168949297,1.55139944457,4.53774444531,7.23762791737,11.7289804378,11.7578348817,11.2459490984
MK-4541.SUNITINIB,0.0,0.0,1.40500786327,3.2550241006,30.8127989341,1.55872489806,4.70062469909,7.96362670998,9.14190556971,9.57803858501,8.95892465188
MK-4541.TEMOZOLOMIDE,0.0,0.0,81.0563160117,4.5310729167,22.825312007,1.46045112927,4.85814876157,6.88526439839,12.2010742053,12.8689610239,12.258009996
MK-4541.TOPOTECAN,0.0,0.0,0.0762753916346,0.329587204095,13.7299576756,1.54274426226,4.60160816432,8.55146660818,5.17197862951,5.91049426955,5.96094085776
MK-4541.VINBLASTINE,0.0,0.0,0.0120277997244,4.12854087772,16.0877387372,1.43880020646,4.85489438833,8.30393922328,16.2807907372,16.0225188315,15.77296116
MK-4541.VINORELBINE,0.0,0.0,0.00810926531747,4.02355206938,15.1402725114,1.53115219542,4.81834302588,7.9820292206,20.5781679985,21.0578182328,21.3269602586
MK-4541.ZOLINZA,0.0,0.0,0.792551441865,3.42044020797,14.7521627901,1.46271075678,4.45143972312,7.76292567616,25.7530247923,25.8817412159,26.2782369612
MK-4827.MK-5108,0.0,0.0,3.40765045977,3.89856442588,25.8385121226,0.693159390233,3.71473453853,28.5169896808,13.5433047494,15.1032672165,14.1068360853
MK-4827.MK-8669,0.0,0.0,0.217944450742,3.69365920726,15.0061638282,3.62603578901,4.16049020088,22.7465857863,14.4352607848,18.7184510318,14.0860140053
MK-4827.MK-8776,0.0,0.0,0.41696727089,2.69517224285,22.9746802752,3.22674023835,4.33759161807,24.6803523897,18.4383429223,20.1663217708,19.5979768547
MK-4827.MRK-003,0.0,0.0,3.33594848969,4.14467904466,25.0705164582,3.05015373383,4.04958548019,31.6154746166,13.4989352031,14.34614038,14.1769765349
MK-4827.OXALIPLATIN,0.0,0.0,7.04090663218,4.04693081012,19.8761565921,3.83912528337,4.30157970631,23.6690244223,12.5559100517,16.1640146398,13.9249931595
MK-4827.PACLITAXEL,0.0,0.0,3.488725198,4.1659566428,17.2693564203,0.0044689281158,3.74408093082,13.7049499617,14.1131475779,15.4434687531,15.7098411517
MK-4827.PD325901,0.0,0.0,0.271435198904,0.628795344912,25.1982749333,3.42194257974,4.06783567133,23.0712007326,14.7261393539,14.6669469813,14.9417192671
MK-4827.SN-38,0.0,0.0,0.00172905140856,3.97549507605,25.5900891846,3.32975017589,4.19136578587,23.0245248926,13.4883087419,21.5217682523,17.1938048596
MK-4827.SORAFENIB,0.0,0.0,3.13194298431,2.94869820655,7.94515425602,3.32447553486,4.36439053248,20.7542548698,7.096919619,8.12735529969,6.93420656866
MK-4827.SUNITINIB,0.0,0.0,3.26068535685,4.1689620414,23.8016830603,1.2930627383,3.01862112946,29.0495559938,6.92160442404,8.65086538226,6.99637558123
MK-4827.TEMOZOLOMIDE,0.0,0.0,3.28539280478,3.92083987983,24.6216868514,82.5314268889,4.52329727411,27.9091045118,22.5593222426,26.8656943837,23.770958997
MK-4827.TOPOTECAN,0.0,0.0,0.0949718286827,0.344617422282,12.7360749414,3.59854116077,3.94422297807,22.3295020755,20.255256457,25.4893725682,22.2699065806
MK-4827.VINBLASTINE,0.0,0.0,3.47885458075,4.02107477835,25.6952944929,0.0117064512081,4.08202720711,16.5522048936,10.0466763649,13.7033880411,9.95442025193
MK-4827.VINORELBINE,0.0,0.0,3.39601627735,4.30359468393,23.8725681548,0.00771930465122,4.14973061758,15.7303301421,19.8775605172,19.4572874785,18.4285478516
MK-4827.ZOLINZA,0.0,0.0,3.3318785363,4.16036488865,24.0468386992,0.760329785002,3.74870848169,16.3374182853,12.6460136475,12.9984277313,13.2437712439
MK-5108.MK-8669,0.0,0.0,0.271454672467,4.07335895495,19.251456597,0.565507351031,3.96405732847,29.419749229,11.3137337886,11.6872276265,12.3568445624
MK-5108.MK-8776,0.0,0.0,0.424562618397,2.98396909013,25.8549737549,0.571776767306,3.85031106854,27.7510776127,9.00022308679,9.92074284461,9.19505625804
MK-5108.MRK-003,0.0,0.0,0.638919527183,3.93714345252,27.1121072295,3.07818346261,4.17937389039,30.917519185,8.29618170954,9.38262031714,8.30291655304
MK-5108.OXALIPLATIN,0.0,0.0,5.95212793132,3.85222523338,20.0045239101,0.552694977561,4.02574785396,28.6488713848,7.32062717402,10.2501084584,8.48190090873
MK-5108.PACLITAXEL,0.0,0.0,0.654490816165,3.73927943683,25.2700292644,0.00343153848468,3.94114759237,14.8404726363,14.9995102738,14.0697296366,11.2667494482
MK-5108.PD325901,0.0,0.0,0.314417100046,0.718216030479,27.9453957613,0.576471856527,3.95222556864,29.1744052849,12.5762243957,12.6296911951,12.230232216
MK-5108.SN-38,0.0,0.0,0.00162176029067,3.93036450016,26.9018080957,0.693049691222,4.07515524543,28.7442951059,10.6164551246,8.50358373075,11.4282097308
MK-5108.SORAFENIB,0.0,0.0,3.49339886269,2.89077610853,8.70132547455,0.581297731754,3.97654859848,26.5760085737,9.97223127587,8.62160146376,7.53792149705
MK-5108.SUNITINIB,0.0,0.0,0.573394412761,3.96519432557,25.4667911029,1.26439548489,3.08427921513,29.7204308149,6.63389596813,7.80932923107,6.03393552705
MK-5108.TEMOZOLOMIDE,0.0,0.0,0.502713939052,3.66026299749,25.5231432856,71.1682594376,4.54829354515,24.0588772394,9.79067724637,8.10272215274,11.3664570213
MK-5108.TOPOTECAN,0.0,0.0,0.0911787309421,0.341206957016,13.3165312771,0.657979445988,4.10929023598,24.7304589918,12.4372341713,15.8270168498,12.0894821847
MK-5108.VINBLASTINE,0.0,0.0,0.638867340657,4.03570183956,26.1383443612,0.0113816834989,4.16138422961,16.1962144652,11.715685093,16.9641248322,12.2164452039
MK-5108.VINORELBINE,0.0,0.0,0.640085643587,3.97662116861,26.9953158363,0.00727522750026,3.99626721205,13.4055285997,17.9849365499,17.7384001274,15.5171061516
MK-5108.ZOLINZA,0.0,0.0,0.608159525316,3.58228339495,28.8934692656,0.815485807324,3.82358450443,16.7271413037,10.1713929123,10.8014486817,7.68762168814
MK-8669.MK-8776,0.0,0.0,0.446688261607,3.22820794881,26.9641613393,0.293903936971,4.29961314565,11.478772128,22.352737404,22.0380491674,22.8539330805
MK-8669.MRK-003,0.0,0.0,0.287801736389,4.16193645031,19.2143601167,3.05909528171,3.96067652022,30.8380750523,12.7526992667,9.86717821597,13.3854850554
MK-8669.OXALIPLATIN,0.0,0.0,6.82080275367,3.71834206537,18.7456099855,0.266565695816,4.08608742598,19.2712894768,8.43712037723,15.0346700019,11.2346724808
MK-8669.PACLITAXEL,0.0,0.0,0.276568495894,3.94052579857,16.7768062136,0.0054836236872,3.38192414445,15.9815669638,16.5820290748,18.2418688436,16.7805977404
MK-8669.PD325901,0.0,0.0,0.208310027514,3.91531062598,19.541529338,0.205736713554,0.638547749473,24.9611812849,19.1590625126,16.532137244,20.6779905609
MK-8669.SN-38,0.0,0.0,0.00174837838015,4.17877217527,25.4112174114,0.282039757944,4.2965960899,18.9316950983,13.0477289601,17.7287490106,13.4856594156
MK-8669.SORAFENIB,0.0,0.0,3.23811433592,3.19918489488,9.48910593879,0.217967649834,3.92169289982,13.5649924398,10.7875454898,11.1414775045,10.3546656536
MK-8669.SUNITINIB,0.0,0.0,0.203902992415,3.92199621526,18.6959660572,1.38911558228,3.14004628594,29.4682192225,7.7473715749,10.2511641185,7.94631704061
MK-8669.TEMOZOLOMIDE,0.0,0.0,0.199736367853,4.17129920836,14.7071611384,89.0313635122,4.48901412093,23.9768915368,16.9247201252,19.5746714959,19.8255141489
MK-8669.TOPOTECAN,0.0,0.0,0.0945004072556,0.312902582249,13.272515796,0.287777395984,4.2091275921,16.2223184575,12.7122823991,15.6776155579,12.8456149634
MK-8669.VINBLASTINE,0.0,0.0,0.266605034641,3.80244528683,19.3298576445,0.0116773520749,4.05741452539,14.9048869426,16.0022294442,15.3502791224,16.0542788548
MK-8669.VINORELBINE,0.0,0.0,0.293934790618,4.10499840198,17.4528901734,0.00796486132981,3.96667021832,15.4593612629,21.7198619762,19.9508343369,22.3464349494
MK-8669.ZOLINZA,0.0,0.0,0.203887281292,3.89458406503,18.623867654,0.823182269903,3.71537421811,16.8873860962,11.7497817658,12.2432501193,10.989608117
MK-8776.MRK-003,0.0,0.0,0.432453955933,3.09064670109,25.527060194,3.13957608555,4.08908311343,24.9341724612,11.0165560192,12.3737377711,11.8510184681
MK-8776.OXALIPLATIN,0.0,0.0,0.765501094555,3.36259161538,22.7309194755,6.76504220081,3.81120225915,19.075423036,11.074768529,13.2585299408,11.0137913689
MK-8776.PACLITAXEL,0.0,0.0,0.404982169181,2.58134821207,26.2182059033,0.00423842598707,3.91984136239,16.581510485,63.975559698,60.3592106633,60.1211517334
MK-8776.PD325901,0.0,0.0,0.445147161238,3.24199889697,24.5495394153,0.300878732196,0.597953637034,27.6646174688,43.1934818021,45.8328886405,44.1466001263
MK-8776.SN-38,0.0,0.0,0.752903675095,3.20006780316,25.7055668611,0.00163760482696,4.04864459353,24.5551301045,20.1027075422,19.8046526039,21.7500177513
MK-8776.SORAFENIB,0.0,0.0,0.437414418497,2.93891098439,25.9715631503,3.13779131881,3.35526468605,8.1212805048,11.6793049343,9.30263556772,8.5543568307
MK-8776.SUNITINIB,0.0,0.0,0.754256419629,2.65267347562,25.6288382125,1.35341300763,3.0310626845,27.49944459,10.7314826767,10.7734886996,9.55877308029
MK-8776.TEMOZOLOMIDE,0.0,0.0,0.433400778743,2.8729268276,27.4127650466,72.6705636118,4.61610157596,22.9276048514,45.8397861686,41.9735363426,45.2234995058
MK-8776.TOPOTECAN,0.0,0.0,0.406960737568,3.36303334958,24.8172903129,0.0935446511745,0.257784534365,12.9741999852,20.3698150107,19.9929025247,22.261129141
MK-8776.VINBLASTINE,0.0,0.0,0.408367662724,2.72468412431,26.0773253675,0.0113381122708,3.78752545844,16.1205572293,15.1228280635,15.4406203053,13.7566554298
MK-8776.VINORELBINE,0.0,0.0,0.421645615332,3.19041548524,25.5160552224,0.00790525679003,3.91944534179,14.4497350797,18.0764385212,20.3251558629,20.241877184
MK-8776.ZOLINZA,0.0,0.0,0.41948503655,2.51371529325,23.4938832523,0.79735373497,3.98179012577,16.3322964189,13.9043769614,17.0867228265,14.4995098324
MRK-003.OXALIPLATIN,0.0,0.0,6.87257222333,3.86769379341,17.6570031505,2.81624077612,3.79064000266,25.1127951254,9.1374152455,11.6231943637,9.85765763018
MRK-003.PACLITAXEL,0.0,0.0,0.0049629368836,3.58101545406,13.1837230083,2.9050318587,4.04036832512,27.2690015191,20.0600153313,19.7609919093,20.2831111353
MRK-003.PD325901,0.0,0.0,0.266710848532,0.716982099696,27.016702359,2.87766380903,3.99803344022,29.1844609571,9.97490314341,10.4208579825,10.0384730384
MRK-003.SN-38,0.0,0.0,0.001619018911,4.23047871871,24.6941915209,3.10520637817,4.08851900112,28.0567620049,9.76402636773,14.5123383578,10.8237406002
MRK-003.SORAFENIB,0.0,0.0,3.23001215302,3.15824775818,8.47270369597,2.79001994347,3.89028822267,27.2960659229,9.26618693878,9.05230161278,8.55255063763
MRK-003.SUNITINIB,0.0,0.0,1.2655957991,3.09537984914,30.4286512684,3.11789578594,3.71910913807,23.4318954112,5.89177674691,8.76476528618,7.55104879003
MRK-003.TEMOZOLOMIDE,0.0,0.0,58.3436976847,4.79352267472,22.0348070444,3.02062296132,3.94722853845,24.6142899132,13.3645771225,10.951213406,13.4465979229
MRK-003.TOPOTECAN,0.0,0.0,0.0793855906106,0.314362502401,13.1784829228,2.99434464248,3.61666956769,29.4574684668,17.4332182891,19.4415800387,16.9878480226
MRK-003.VINBLASTINE,0.0,0.0,0.0115254589049,4.05496976416,14.532548219,2.79029335195,3.82925605217,28.2295673756,18.0171668665,20.7102454093,16.7962798203
MRK-003.VINORELBINE,0.0,0.0,0.00793508811099,4.08372515575,14.7641313934,3.05327345445,3.82731854341,27.0061864968,16.9404943146,15.8273561497,15.5852745835
MRK-003.ZOLINZA,0.0,0.0,0.569553772164,3.8551626582,15.1558724398,3.09786404077,3.63279945261,28.8040514683,14.1435347284,14.8285546766,13.3705188341
OXALIPLATIN.PD325901,0.0,0.0,7.10522620188,3.69955507464,20.014132304,0.277461629203,0.738752386632,27.3366324828,10.2486942222,14.8136710365,9.36638194203
OXALIPLATIN.SORAFENIB,0.0,0.0,3.28320684048,3.19332237959,8.42483374435,6.92317566489,3.68694687888,18.1041821487,8.76925370488,10.389149601,9.00707027525
OXALIPLATIN.SUNITINIB,0.0,0.0,6.95292351791,3.59451742286,18.5912257425,1.48032343142,3.0283373149,30.126177639,5.00551461465,7.07046981716,5.82951736088
OXALIPLATIN.TEMOZOLOMIDE,0.0,0.0,7.0230226463,3.41073383064,17.8152145294,68.0903472065,4.796944608,18.7679585365,14.4819628637,15.8276015503,14.8352546511
OXALIPLATIN.ZOLINZA,0.0,0.0,7.10652309017,3.61169268976,16.869425816,0.6414057105,3.81351636865,17.2508593377,10.8638305132,9.88212177317,10.3725051049
PACLITAXEL.PD325901,0.0,0.0,0.282572335345,0.650437159156,25.739163449,0.00486133743696,3.75365062045,14.317462191,14.6678971731,14.6045857064,15.0934910562
PACLITAXEL.SORAFENIB,0.0,0.0,3.40897295874,3.12278284305,9.21969810027,0.0058911389333,3.78426112308,16.9679244845,15.8175829096,15.3698370114,14.2980635332
PACLITAXEL.SUNITINIB,0.0,0.0,1.46408991919,2.94342957754,26.0759261129,0.0043295506994,3.54933896438,12.7786442351,12.0208444427,12.3915057966,11.7333352799
PACLITAXEL.TEMOZOLOMIDE,0.0,0.0,69.0001578282,4.5092665555,20.9375593922,0.0055452121513,3.68136044247,16.2810665068,15.6624998315,14.7803543242,16.9640285173
PACLITAXEL.ZOLINZA,0.0,0.0,0.751019156417,4.03702327685,16.4406928194,0.00560148408009,3.41812486631,16.2951909181,17.4998893972,16.8025851645,15.2261031791
PD325901.SN-38,0.0,0.0,0.001681620493,4.13084747713,24.2098593494,0.331610440764,2.60301874971,29.0868717476,12.927299493,11.5418302093,9.6090077779
PD325901.SORAFENIB,0.0,0.0,3.42154185991,3.11171826231,9.27444885167,0.310725423862,0.765564187296,29.1944858856,12.3991858573,13.2674798035,11.7217775594
PD325901.SUNITINIB,0.0,0.0,0.202012065045,0.697132711009,27.267230857,1.33283487332,3.14756057614,30.1359809317,10.8855302599,12.089913618,11.0910045819
PD325901.TEMOZOLOMIDE,0.0,0.0,0.330846657797,0.660907549968,26.9311850194,68.7604670696,4.43734949929,23.1880757792,16.8788898092,15.8001624127,18.3151091277
PD325901.TOPOTECAN,0.0,0.0,0.0812547223792,0.345659747933,11.1410492191,0.215286701296,0.529173874114,25.3652610352,9.1340189866,12.7388214413,10.7986438107
PD325901.VINBLASTINE,0.0,0.0,0.332025617129,1.97432755285,27.1740338463,0.0125812289089,4.07926849873,14.1118513128,14.8007347712,16.4059071042,14.7663622097
PD325901.VINORELBINE,0.0,0.0,0.294767319685,0.753675299452,27.6005366154,0.00822769783792,4.12566027074,15.2969889157,36.3425077295,37.4237777044,35.7773963423
PD325901.ZOLINZA,0.0,0.0,0.284596292001,0.721524854174,27.9606960021,0.838966696777,3.80339395048,16.6540111984,25.0847527233,25.8939007229,23.1459206451
SN-38.SORAFENIB,0.0,0.0,3.52504174914,2.88234392619,8.9318868359,0.00160323116285,3.79760775386,26.6336081162,10.9173608561,12.7894549408,11.7223815091
SN-38.SUNITINIB,0.0,0.0,0.00155250649422,4.11760855098,27.4144250169,1.31426064602,3.18900169253,30.9526360126,8.64313281625,10.3069228114,8.97682635556
SN-38.TEMOZOLOMIDE,0.0,0.0,0.00165402959186,4.02897201434,23.4608080987,69.3457852344,4.4538767028,24.6994783288,10.5923482739,11.845255366,14.1273896009
SN-38.ZOLINZA,0.0,0.0,0.001689868531,3.81492551796,26.9458286169,0.646011128234,4.05471018875,17.4082667547,16.4309562127,16.5521110259,15.0913075982
SORAFENIB.SUNITINIB,0.0,0.0,3.45985765355,3.19103025411,9.50160004835,1.52636707119,2.99455860249,27.4577671184,5.51794698883,6.00227924944,6.18452270771
SORAFENIB.TEMOZOLOMIDE,0.0,0.0,3.32924898536,2.62650383391,7.67497039004,81.3126049833,4.63876045728,22.5160599901,11.6704118266,10.4604761271,11.4701656443
SORAFENIB.TOPOTECAN,0.0,0.0,3.33801415,3.18631288941,9.66563762682,0.100443450891,0.249266019185,14.1216635179,9.20986381765,9.51289317254,9.1306635643
SORAFENIB.VINBLASTINE,0.0,0.0,3.316922769,2.98432771571,9.24751803491,0.0106523369693,3.9965555718,16.0109322822,13.3189164366,14.9107982971,13.7988659726
SORAFENIB.VINORELBINE,0.0,0.0,3.26530193434,3.09218766947,8.30333520436,0.00775350605062,3.70029474824,13.7506069701,16.828006017,13.190744958,13.1184335531
SORAFENIB.ZOLINZA,0.0,0.0,3.40058125178,2.99449112555,8.75853507001,0.789231587111,3.78518412474,17.0329570569,9.56156085812,10.6216226332,9.93984249337
SUNITINIB.TEMOZOLOMIDE,0.0,0.0,71.7604203032,4.3899051873,22.7265012316,1.31563795446,3.35829816559,29.1427135418,11.2590610029,11.9085299958,10.0421134485
SUNITINIB.TOPOTECAN,0.0,0.0,0.102097034545,0.268220508361,11.0762438237,1.48862965006,2.78167192057,28.5722456551,9.16471406927,11.7629751568,11.8364085157
SUNITINIB.VINBLASTINE,0.0,0.0,1.4323218865,2.98890778254,26.7710756131,0.0111495302674,4.09730470099,15.4970325758,8.31442148453,9.35390302806,8.47126934873
SUNITINIB.VINORELBINE,0.0,0.0,1.45651577517,2.98359434961,28.4487759767,0.00814486627592,4.05536854464,13.7838524774,15.0915968783,11.7835569786,12.2204545961
SUNITINIB.ZOLINZA,0.0,0.0,1.35658323754,3.37178321816,29.6771873187,0.562749210722,3.92240711578,17.322089031,9.94612370819,12.8977318063,10.1232502296
TEMOZOLOMIDE.TOPOTECAN,0.0,0.0,0.102422236802,0.303812328376,12.732207816,78.5910924209,4.51712752131,27.8326380234,7.0950638713,10.7561879917,8.83157062984
TEMOZOLOMIDE.VINBLASTINE,0.0,0.0,73.3565331019,4.53457344333,22.991504024,0.0099668404629,4.01472528667,16.9266055245,10.8835816293,10.2650106053,12.8348956655
TEMOZOLOMIDE.VINORELBINE,0.0,0.0,69.2186424042,4.67483378548,22.5275039205,0.0076281457802,3.98312708095,14.9634381084,22.5285856975,20.4105946852,22.8243853689
TEMOZOLOMIDE.ZOLINZA,0.0,0.0,82.4974116624,4.54044596979,23.1976877017,0.732417317004,3.78683961374,15.0032293358,12.63533389,15.9124888334,14.7325188536
TOPOTECAN.ZOLINZA,0.0,0.0,0.0708463347767,0.267841016934,12.4411167308,0.622798487216,3.82295792008,17.0707229655,10.9590328781,13.6891893526,11.8816910122
VINBLASTINE.ZOLINZA,0.0,0.0,0.667939221341,3.77744602118,14.7609746828,0.0105337977537,3.95196307507,15.1325902359,19.2053792452,18.9336564928,17.7572491726
VINORELBINE.ZOLINZA,0.0,0.0,0.812226640815,3.79661724321,16.3810270277,0.00742450846919,3.86297405965,14.3144804415,22.1327648393,19.2885973504,17.2056117516
